farmer,year,income
1,2016,30000
1,2017,28000
1,2018,30000
1,2019,15000
1,2020,14000
1,2021,24000
1,2022,25000
1,2023,35000
2,2016,29000
2,2017,30000
2,2018,64000
2,2019,36000
2,2020,28000
2,2021,35000
2,2022,45000
2,2023,55000
3,2016,31000
3,2017,29000
3,2018,35000
3,2019,26000
3,2020,32000
3,2021,43000
3,2022,25000
3,2023,23000
4,2016,32000
4,2017,39000
4,2018,120000
4,2019,56000
4,2020,45000
4,2021,35000
4,2022,15000
4,2023,24500
5,2016,10000
5,2017,7200
5,2018,20000
5,2019,34000
5,2020,23000
5,2021,20000
5,2022,34000
5,2023,23000
6,2016,30000
6,2017,25000
6,2018,15000
6,2019,16000
6,2020,17000
6,2021,20000
6,2022,23000
6,2023,22000
7,2016,26200
7,2017,20000
7,2018,12000
7,2019,15000
7,2020,16000
7,2021,23000
7,2022,25000
7,2023,23000
8,2016,115000
8,2017,45000
8,2018,110000
8,2019,30000
8,2020,20000
8,2021,30000
8,2022,15000
8,2023,30000
9,2016,50000
9,2017,45000
9,2018,10000
9,2019,65000
9,2020,35000
9,2021,64000
9,2022,15000
9,2023,34000
10,2016,60250
10,2017,34000
10,2018,45000
10,2019,15000
10,2020,40000
10,2021,35000
10,2022,60000
10,2023,23000
11,2016,300000
11,2017,15000
11,2018,60000
11,2019,80000
11,2020,60000
11,2021,120000
11,2022,30000
11,2023,16000
12,2016,18500
12,2017,29000
12,2018,20000
12,2019,20000
12,2020,20000
12,2021,20000
12,2022,25000
12,2023,20000
13,2016,20000
13,2017,21000
13,2018,30000
13,2019,20000
13,2020,30000
13,2021,15000
13,2022,10000
13,2023,15000
14,2016,29000
14,2017,30000
14,2018,10000
14,2019,20000
14,2020,45000
14,2021,12000
14,2022,29000
14,2023,12000
15,2016,40000
15,2017,30000
15,2018,20000
15,2019,50000
15,2020,50000
15,2021,110000
15,2022,70000
15,2023,80000
16,2016,10000
16,2017,14000
16,2018,30000
16,2019,15000
16,2020,20000
16,2021,10000
16,2022,12000
16,2023,10000
17,2016,27440
17,2017,44160
17,2018,20000
17,2019,30000
17,2020,25000
17,2021,45000
17,2022,35000
17,2023,45000
18,2016,23000
18,2017,15000
18,2018,18000
18,2019,20000
18,2020,55000
18,2021,60000
18,2022,40000
18,2023,60000
19,2016,14000
19,2017,16000
19,2018,15000
19,2019,30000
19,2020,20000
19,2021,20000
19,2022,30000
19,2023,20000
20,2016,22000
20,2017,24000
20,2018,15000
20,2019,30000
20,2020,55000
20,2021,30000
20,2022,20000
20,2023,30000
21,2016,132000
21,2017,76000
21,2018,60000
21,2019,15000
21,2020,40000
21,2021,10000
21,2022,35000
21,2023,10000
22,2016,24000
22,2017,24000
22,2018,30000
22,2019,20000
22,2020,50000
22,2021,20000
22,2022,25000
22,2023,20000
23,2016,60000
23,2017,56000
23,2018,25000
23,2019,100000
23,2020,35000
23,2021,30000
23,2022,90000
23,2023,30000
24,2016,6000
24,2017,7000
24,2018,10000
24,2019,20000
24,2020,50000
24,2021,20000
24,2022,40000
24,2023,20000
25,2016,19200
25,2017,16000
25,2018,29000
25,2019,20000
25,2020,70000
25,2021,18000
25,2022,34000
25,2023,18000
26,2016,15000
26,2017,17000
26,2018,70000
26,2019,50000
26,2020,30000
26,2021,40000
26,2022,25000
26,2023,4000
27,2016,20000
27,2017,23000
27,2018,12000
27,2019,10000
27,2020,30000
27,2021,15000
27,2022,25000
27,2023,15000
28,2016,50000
28,2017,45000
28,2018,35000
28,2019,10000
28,2020,70000
28,2021,15000
28,2022,17000
28,2023,15000
29,2016,50000
29,2017,34000
29,2018,5000
29,2019,30000
29,2020,60000
29,2021,45000
29,2022,10000
29,2023,60000
30,2016,24000
30,2017,23000
30,2018,30000
30,2019,20000
30,2020,65000
30,2021,30000
30,2022,10000
30,2023,30000
31,2016,12175
31,2017,15000
31,2018,20000
31,2019,20000
31,2020,30000
31,2021,25000
31,2022,15000
31,2023,25000
32,2016,60000
32,2017,80000
32,2018,56000
32,2019,20000
32,2020,40000
32,2021,10000
32,2022,35000
32,2023,10000
33,2016,6000
33,2017,8000
33,2018,25000
33,2019,50000
33,2020,45000
33,2021,29000
33,2022,40000
33,2023,29000
34,2016,20000
34,2017,25000
34,2018,90000
34,2019,50000
34,2020,60000
34,2021,70000
34,2022,40000
34,2023,70000
35,2016,15000
35,2017,20000
35,2018,40000
35,2019,30000
35,2020,30000
35,2021,12000
35,2022,25000
35,2023,14000
36,2016,15000
36,2017,14000
36,2018,15000
36,2019,10000
36,2020,64000
36,2021,35000
36,2022,25000
36,2023,32000
37,2016,20000
37,2017,23000
37,2018,25000
37,2019,20000
37,2020,35000
37,2021,13000
37,2022,10000
37,2023,50000
38,2016,40000
38,2017,25000
38,2018,25000
38,2019,30000
38,2020,45000
38,2021,30000
38,2022,50000
38,2023,30000
39,2016,10000
39,2017,15000
39,2018,14000
39,2019,30000
39,2020,20000
39,2021,20000
39,2022,37000
39,2023,20000
40,2016,23000
40,2017,25000
40,2018,10000
40,2019,30000
40,2020,15000
40,2021,35000
40,2022,23000
40,2023,35000
41,2016,10000
41,2017,15000
41,2018,10000
41,2019,30000
41,2020,12000
41,2021,25000
41,2022,45000
41,2023,25000
42,2016,10000
42,2017,6000
42,2018,10000
42,2019,30000
42,2020,24000
42,2021,45000
42,2022,10000
42,2023,23000
43,2016,8000
43,2017,10000
43,2018,67000
43,2019,50000
43,2020,10000
43,2021,40000
43,2022,40000
43,2023,40000
44,2016,32000
44,2017,30000
44,2018,40000
44,2019,50000
44,2020,45000
44,2021,23000
44,2022,45000
44,2023,24000
45,2016,24750
45,2017,25000
45,2018,40000
45,2019,15000
45,2020,60000
45,2021,25000
45,2022,40000
45,2023,25000
46,2016,15000
46,2017,18000
46,2018,25000
46,2019,15000
46,2020,20000
46,2021,25000
46,2022,20000
46,2023,25000
47,2016,18000
47,2017,20000
47,2018,25000
47,2019,10000
47,2020,30000
47,2021,19000
47,2022,20000
47,2023,10000
48,2016,19000
48,2017,23000
48,2018,10000
48,2019,30000
48,2020,10000
48,2021,24000
48,2022,30000
48,2023,10000
49,2016,15000
49,2017,23000
49,2018,50000
49,2019,30000
49,2020,20000
49,2021,10000
49,2022,15000
49,2023,10000
50,2016,12000
50,2017,34000
50,2018,87000
50,2019,100000
50,2020,30000
50,2021,24000
50,2022,41000
50,2023,15000
51,2016,25000
51,2017,26000
51,2018,80000
51,2019,100000
51,2020,20000
51,2021,56000
51,2022,17000
51,2023,80000
52,2016,35000
52,2017,36000
52,2018,80000
52,2019,30000
52,2020,18000
52,2021,40000
52,2022,30000
52,2023,40000
53,2016,15000
53,2017,14000
53,2018,20000
53,2019,30000
53,2020,40000
53,2021,34000
53,2022,10000
53,2023,14000
54,2016,10000
54,2017,23000
54,2018,40000
54,2019,20000
54,2020,30000
54,2021,25000
54,2022,40000
54,2023,25000
55,2016,50000
55,2017,40000
55,2018,45000
55,2019,20000
55,2020,50000
55,2021,25000
55,2022,10000
55,2023,25000
56,2016,21000
56,2017,24000
56,2018,40000
56,2019,10000
56,2020,20000
56,2021,10000
56,2022,100000
56,2023,10000
57,2016,20750
57,2017,36000
57,2018,20000
57,2019,40000
57,2020,140000
57,2021,50000
57,2022,40000
57,2023,50000
58,2016,20000
58,2017,14000
58,2018,20000
58,2019,45000
58,2020,20000
58,2021,57000
58,2022,15000
58,2023,37000
59,2016,15000
59,2017,23000
59,2018,30000
59,2019,50000
59,2020,30000
59,2021,30000
59,2022,30300
59,2023,80000
60,2016,20000
60,2017,23000
60,2018,15000
60,2019,50000
60,2020,60000
60,2021,45000
60,2022,45000
60,2023,34000
61,2016,20000
61,2017,11000
61,2018,41000
61,2019,200000
61,2020,20000
61,2021,34000
61,2022,10000
61,2023,20000
62,2016,30000
62,2017,31975
62,2018,17000
62,2019,30000
62,2020,20000
62,2021,40000
62,2022,40000
62,2023,40000
63,2016,11400
63,2017,14000
63,2018,30000
63,2019,100000
63,2020,10000
63,2021,45000
63,2022,60000
63,2023,15000
64,2016,8000
64,2017,8000
64,2018,10000
64,2019,40000
64,2020,30000
64,2021,40000
64,2022,40000
64,2023,40000
65,2016,35000
65,2017,40000
65,2018,40000
65,2019,28000
65,2020,25000
65,2021,20000
65,2022,10000
65,2023,20000
66,2016,6000
66,2017,8000
66,2018,10000
66,2019,30000
66,2020,155000
66,2021,20000
66,2022,50000
66,2023,20000
67,2016,50000
67,2017,45000
67,2018,100000
67,2019,10000
67,2020,40000
67,2021,30000
67,2022,30000
67,2023,30000
68,2016,58000
68,2017,45000
68,2018,40000
68,2019,26000
68,2020,45000
68,2021,15000
68,2022,89000
68,2023,15000
69,2016,20600
69,2017,25000
69,2018,15000
69,2019,50000
69,2020,135000
69,2021,34000
69,2022,70000
69,2023,41000
70,2016,20000
70,2017,34000
70,2018,30300
70,2019,10000
70,2020,75000
70,2021,17000
70,2022,10000
70,2023,17000
71,2016,29500
71,2017,29000
71,2018,45000
71,2019,100000
71,2020,20000
71,2021,30000
71,2022,33000
71,2023,30000
72,2016,13000
72,2017,15000
72,2018,47000
72,2019,10000
72,2020,25000
72,2021,10000
72,2022,25000
72,2023,10000
73,2016,14000
73,2017,10000
73,2018,40000
73,2019,10000
73,2020,55000
73,2021,40000
73,2022,22000
73,2023,40000
74,2016,70000
74,2017,80000
74,2018,60000
74,2019,10000
74,2020,20000
74,2021,10000
74,2022,20000
74,2023,10000
75,2016,77850
75,2017,60000
75,2018,40000
75,2019,25000
75,2020,55000
75,2021,100000
75,2022,59000
75,2023,10000
76,2016,70000
76,2017,76000
76,2018,10000
76,2019,40000
76,2020,40000
76,2021,40000
76,2022,20000
76,2023,40000
77,2016,25000
77,2017,30000
77,2018,50000
77,2019,6000
77,2020,50000
77,2021,15000
77,2022,30000
77,2023,15000
78,2016,30000
78,2017,15000
78,2018,30000
78,2019,14400
78,2020,35000
78,2021,30300
78,2022,40000
78,2023,30300
79,2016,43600
79,2017,43600
79,2018,89000
79,2019,68000
79,2020,50000
79,2021,22000
79,2022,30000
79,2023,22000
80,2016,5000
80,2017,30000
80,2018,70000
80,2019,50000
80,2020,70000
80,2021,60000
80,2022,20000
80,2023,35000
81,2016,30000
81,2017,15000
81,2018,100000
81,2019,40000
81,2020,30000
81,2021,40000
81,2022,23000
81,2023,40000
82,2016,20000
82,2017,27000
82,2018,33000
82,2019,50000
82,2020,34000
82,2021,60000
82,2022,22000
82,2023,60000
83,2016,30000
83,2017,35000
83,2018,25000
83,2019,60000
83,2020,23000
83,2021,40000
83,2022,20000
83,2023,40000
84,2016,132000
84,2017,31000
84,2018,22000
84,2019,30000
84,2020,23000
84,2021,10000
84,2022,16000
84,2023,10000
85,2016,14000
85,2017,10400
85,2018,20000
85,2019,40000
85,2020,26000
85,2021,50000
85,2022,20000
85,2023,50000
86,2016,15000
86,2017,10100
86,2018,59000
86,2019,30000
86,2020,45000
86,2021,30000
86,2022,30000
86,2023,30000
87,2016,121300
87,2017,195880
87,2018,80000
87,2019,15000
87,2020,10000
87,2021,89000
87,2022,60000
87,2023,89000
88,2016,24000
88,2017,25000
88,2018,30000
88,2019,60000
88,2020,16000
88,2021,70000
88,2022,20000
88,2023,70000
89,2016,20000
89,2017,30000
89,2018,40000
89,2019,150000
89,2020,20000
89,2021,10000
89,2022,20000
89,2023,30000
90,2016,8000
90,2017,10000
90,2018,30000
90,2019,10000
90,2020,30000
90,2021,33000
90,2022,10000
90,2023,33000
91,2016,50000
91,2017,50000
91,2018,20000
91,2019,20000
91,2020,60000
91,2021,25000
91,2022,30000
91,2023,25000
92,2016,25000
92,2017,24000
92,2018,30000
92,2019,20000
92,2020,20000
92,2021,22000
92,2022,25000
92,2023,22000
93,2016,19000
93,2017,15000
93,2018,50000
93,2019,20000
93,2020,20000
93,2021,20000
93,2022,23000
93,2023,20000
94,2016,50000
94,2017,15000
94,2018,20000
94,2019,120000
94,2020,10000
94,2021,59000
94,2022,30000
94,2023,18000
95,2016,56000
95,2017,48000
95,2018,72000
95,2019,70000
95,2020,30000
95,2021,20000
95,2022,34000
95,2023,20000
96,2016,15000
96,2017,5000
96,2018,20000
96,2019,50000
96,2020,25000
96,2021,30000
96,2022,45000
96,2023,30000
97,2016,20000
97,2017,10000
97,2018,30000
97,2019,20000
97,2020,28000
97,2021,40000
97,2022,34000
97,2023,40000
98,2016,40000
98,2017,27000
98,2018,60000
98,2019,20000
98,2020,26000
98,2021,30000
98,2022,25000
98,2023,30000
99,2016,25000
99,2017,32000
99,2018,20000
99,2019,10000
99,2020,23000
99,2021,20000
99,2022,36000
99,2023,20000
100,2016,25000
100,2017,30000
100,2018,20000
100,2019,50000
100,2020,34000
100,2021,30000
100,2022,35000
100,2023,30000
101,2016,10000
101,2017,16000
101,2018,10000
101,2019,150000
101,2020,35000
101,2021,50000
101,2022,24000
101,2023,50000
102,2016,14000
102,2017,28000
102,2018,30000
102,2019,30000
102,2020,26000
102,2021,20000
102,2022,20000
102,2023,20000
103,2016,20000
103,2017,28000
103,2018,25000
103,2019,50000
103,2020,26000
103,2021,16000
103,2022,45000
103,2023,70000
104,2016,20000
104,2017,24000
104,2018,56000
104,2019,30000
104,2020,70000
104,2021,20000
104,2022,30000
104,2023,50000
105,2016,20000
105,2017,28000
105,2018,40000
105,2019,30000
105,2020,50000
105,2021,30000
105,2022,40000
105,2023,20000
106,2016,10000
106,2017,10000
106,2018,45000
106,2019,40000
106,2020,20000
106,2021,60000
106,2022,30000
106,2023,20000
107,2016,56000
107,2017,78000
107,2018,67000
107,2019,30000
107,2020,20000
107,2021,20000
107,2022,30000
107,2023,10000
108,2016,27500
108,2017,18500
108,2018,75000
108,2019,30000
108,2020,10000
108,2021,20000
108,2022,20000
108,2023,34000
109,2016,5000
109,2017,19000
109,2018,20000
109,2019,20000
109,2020,50000
109,2021,10000
109,2022,25000
109,2023,23000
110,2016,35000
110,2017,17000
110,2018,25000
110,2019,25000
110,2020,55000
110,2021,30000
110,2022,30000
110,2023,30000
111,2016,25000
111,2017,26000
111,2018,55000
111,2019,30000
111,2020,40000
111,2021,25000
111,2022,50000
111,2023,34000
112,2016,25000
112,2017,32000
112,2018,20000
112,2019,50000
112,2020,50000
112,2021,34000
112,2022,20000
112,2023,45000
113,2016,50000
113,2017,50000
113,2018,55000
113,2019,20000
113,2020,35000
113,2021,40000
113,2022,30000
113,2023,34000
114,2016,19000
114,2017,19000
114,2018,40000
114,2019,25000
114,2020,50000
114,2021,45000
114,2022,23000
114,2023,25000
115,2016,10440
115,2017,29000
115,2018,50000
115,2019,20000
115,2020,45000
115,2021,65000
115,2022,34000
115,2023,55000
116,2016,15000
116,2017,18000
116,2018,35000
116,2019,50000
116,2020,30000
116,2021,75000
116,2022,45000
116,2023,40000
117,2016,69400
117,2017,30000
117,2018,50000
117,2019,50000
117,2020,40000
117,2021,55000
117,2022,15000
117,2023,50000
118,2016,25000
118,2017,10000
118,2018,70000
118,2019,60000
118,2020,30000
118,2021,40000
118,2022,23000
118,2023,35000
119,2016,23000
119,2017,15000
119,2018,30000
119,2019,60000
119,2020,30000
119,2021,50000
119,2022,25000
119,2023,50000
120,2016,8500
120,2017,27000
120,2018,30000
120,2019,40000
120,2020,20000
120,2021,35000
120,2022,30000
120,2023,35000
121,2016,30000
121,2017,24000
121,2018,70000
121,2019,70000
121,2020,25000
121,2021,50000
121,2022,45000
121,2023,24000
122,2016,58400
122,2017,15000
122,2018,60000
122,2019,30000
122,2020,30000
122,2021,35000
122,2022,46000
122,2023,38000
123,2016,19000
123,2017,15000
123,2018,65000
123,2019,50000
123,2020,50000
123,2021,24000
123,2022,25000
123,2023,23000
124,2016,100000
124,2017,76000
124,2018,30000
124,2019,40000
124,2020,20000
124,2021,38000
124,2022,25000
124,2023,30000
125,2016,7000
125,2017,19000
125,2018,40000
125,2019,40000
125,2020,45000
125,2021,23000
125,2022,26000
125,2023,45000
126,2016,100000
126,2017,89000
126,2018,45000
126,2019,60000
126,2020,30000
126,2021,20000
126,2022,27000
126,2023,27000
127,2016,30000
127,2017,20000
127,2018,60000
127,2019,30000
127,2020,34000
127,2021,16000
127,2022,40000
127,2023,10000
129,2016,"43,000.00"
129,2017,"55,000.00"
129,2018,"136,400.00"
129,2019,"34,000.00"
129,2020,"36,000.00"
129,2021,"37,000.00"
129,2022,"38,500.00"
129,2023,"38,000.00"
130,2016,"89,000.00"
130,2017,"76,000.00"
130,2018,"131,450.00"
130,2019,"35,000.00"
130,2020,"38,000.00"
130,2021,"38,000.00"
130,2022,"39,500.00"
130,2023,"40,000.00"
131,2016,"67,000.00"
131,2017,"56,000.00"
131,2018,"99,825.00"
131,2019,"35,000.00"
131,2020,"38,500.00"
131,2021,"39,000.00"
131,2022,"39,500.00"
131,2023,"40,000.00"
132,2016,"43,000.00"
132,2017,"28,900.00"
132,2018,"97,900.00"
132,2019,"35,000.00"
132,2020,"38,000.00"
132,2021,"39,000.00"
132,2022,"38,500.00"
132,2023,"41,000.00"
133,2016,"67,000.00"
133,2017,"56,000.00"
133,2018,"90,750.00"
133,2019,"35,000.00"
133,2020,"38,500.00"
133,2021,"38,000.00"
133,2022,"39,500.00"
133,2023,"42,000.00"
134,2016,"45,000.00"
134,2017,"36,000.00"
134,2018,"114,400.00"
134,2019,"34,000.00"
134,2020,"38,000.00"
134,2021,"39,000.00"
134,2022,"39,500.00"
134,2023,"40,000.00"
135,2016,"56,000.00"
135,2017,"87,000.00"
135,2018,"123,200.00"
135,2019,"35,000.00"
135,2020,"37,500.00"
135,2021,"38,000.00"
135,2022,"38,500.00"
135,2023,"44,000.00"
136,2016,"65,000.00"
136,2017,"45,000.00"
136,2018,"107,525.00"
136,2019,"34,000.00"
136,2020,"36,500.00"
136,2021,"37,000.00"
136,2022,"38,500.00"
136,2023,"42,000.00"
137,2016,"45,000.00"
137,2017,"56,000.00"
137,2018,"108,900.00"
137,2019,"35,000.00"
137,2020,"37,000.00"
137,2021,"38,000.00"
137,2022,"39,500.00"
137,2023,"39,000.00"
138,2016,"45,000.00"
138,2017,"85,000.00"
138,2018,"114,400.00"
138,2019,"35,000.00"
138,2020,"38,500.00"
138,2021,"37,000.00"
138,2022,"37,500.00"
138,2023,"41,000.00"
139,2016,"56,000.00"
139,2017,"65,000.00"
139,2018,"114,400.00"
139,2019,"36,000.00"
139,2020,"39,500.00"
139,2021,"39,000.00"
139,2022,"37,500.00"
139,2023,"40,000.00"
140,2016,"24,000.00"
140,2017,"34,000.00"
140,2018,"105,050.00"
140,2019,"34,000.00"
140,2020,"39,500.00"
140,2021,"37,000.00"
140,2022,"38,500.00"
140,2023,"43,000.00"
141,2016,"35,000.00"
141,2017,"34,000.00"
141,2018,"127,050.00"
141,2019,"35,000.00"
141,2020,"38,500.00"
141,2021,"39,000.00"
141,2022,"39,500.00"
141,2023,"40,000.00"
142,2016,"34,000.00"
142,2017,"23,000.00"
142,2018,"119,625.00"
142,2019,"35,000.00"
142,2020,"37,000.00"
142,2021,"38,000.00"
142,2022,"38,500.00"
142,2023,"41,000.00"
143,2016,"45,000.00"
143,2017,"34,000.00"
143,2018,"116,600.00"
143,2019,"35,000.00"
143,2020,"36,000.00"
143,2021,"37,000.00"
143,2022,"38,500.00"
143,2023,"43,000.00"
144,2016,"56,000.00"
144,2017,"76,000.00"
144,2018,"101,200.00"
144,2019,"34,000.00"
144,2020,"37,500.00"
144,2021,"37,000.00"
144,2022,"37,500.00"
144,2023,"42,000.00"
145,2016,"65,000.00"
145,2017,"34,000.00"
145,2018,"102,850.00"
145,2019,"36,000.00"
145,2020,"38,000.00"
145,2021,"38,000.00"
145,2022,"39,500.00"
145,2023,"44,000.00"
146,2016,"23,000.00"
146,2017,"24,000.00"
146,2018,"110,550.00"
146,2019,"37,000.00"
146,2020,"38,000.00"
146,2021,"37,000.00"
146,2022,"38,500.00"
146,2023,"41,000.00"
147,2016,"46,000.00"
147,2017,"65,999.00"
147,2018,"111,650.00"
147,2019,"36,000.00"
147,2020,"36,000.00"
147,2021,"39,000.00"
147,2022,"37,500.00"
147,2023,"35,000.00"
148,2016,"65,000.00"
148,2017,"32,000.00"
148,2018,"131,450.00"
148,2019,"36,000.00"
148,2020,"37,000.00"
148,2021,"37,000.00"
148,2022,"38,500.00"
148,2023,"39,000.00"
149,2016,"34,900.00"
149,2017,"33,000.00"
149,2018,"114,125.00"
149,2019,"31,000.00"
149,2020,"31,500.00"
149,2021,"32,500.00"
149,2022,"31,000.00"
149,2023,"31,500.00"
150,2016,"54,000.00"
150,2017,"34,000.00"
150,2018,"114,400.00"
150,2019,"34,000.00"
150,2020,"35,000.00"
150,2021,"37,000.00"
150,2022,"36,000.00"
150,2023,"38,000.00"
151,2016,"23,000.00"
151,2017,"23,000.00"
151,2018,"106,425.00"
151,2019,"34,000.00"
151,2020,"34,000.00"
151,2021,"36,000.00"
151,2022,"35,000.00"
151,2023,"37,000.00"
152,2016,"39,000.00"
152,2017,"34,000.00"
152,2018,"92,400.00"
152,2019,"36,000.00"
152,2020,"37,000.00"
152,2021,"41,000.00"
152,2022,"41,000.00"
152,2023,"38,000.00"
153,2016,"45,300.00"
153,2017,"86,000.00"
153,2018,"123,200.00"
153,2019,"35,000.00"
153,2020,"36,000.00"
153,2021,"40,000.00"
153,2022,"39,000.00"
153,2023,"43,000.00"
154,2016,"110,000.00"
154,2017,"100,000.00"
154,2018,"98,725.00"
154,2019,"31,000.00"
154,2020,"32,000.00"
154,2021,"32,000.00"
154,2022,"32,000.00"
154,2023,"37,000.00"
155,2016,"90,000.00"
155,2017,"88,000.00"
155,2018,"101,200.00"
155,2019,"36,000.00"
155,2020,"37,000.00"
155,2021,"38,000.00"
155,2022,"39,000.00"
155,2023,"41,000.00"
156,2016,"45,000.00"
156,2017,"76,000.00"
156,2018,"110,000.00"
156,2019,"32,000.00"
156,2020,"32,000.00"
156,2021,"31,000.00"
156,2022,"38,000.00"
156,2023,"34,000.00"
157,2016,"87,000.00"
157,2017,"56,000.00"
157,2018,"107,250.00"
157,2019,"36,000.00"
157,2020,"36,000.00"
157,2021,"37,000.00"
157,2022,"39,000.00"
157,2023,"39,000.00"
158,2016,"34,000.00"
158,2017,"39,500.00"
158,2018,"127,600.00"
158,2019,"32,000.00"
158,2020,"36,000.00"
158,2021,"36,000.00"
158,2022,"36,000.00"
158,2023,"36,000.00"
159,2016,"35,000.00"
159,2017,"38,500.00"
159,2018,"128,150.00"
159,2019,"41,000.00"
159,2020,"42,000.00"
159,2021,"43,000.00"
159,2022,"44,000.00"
159,2023,"45,000.00"
160,2016,"35,000.00"
160,2017,"37,000.00"
160,2018,"116,325.00"
160,2019,"29,000.00"
160,2020,"37,000.00"
160,2021,"44,000.00"
160,2022,"45,000.00"
160,2023,"44,000.00"
161,2016,"35,000.00"
161,2017,"36,000.00"
161,2018,"109,120.00"
161,2019,"31,000.00"
161,2020,"31,000.00"
161,2021,"39,000.00"
161,2022,"32,000.00"
161,2023,"37,000.00"
162,2016,"34,000.00"
162,2017,"37,500.00"
162,2018,"100,870.00"
162,2019,"31,000.00"
162,2020,"34,000.00"
162,2021,"37,000.00"
162,2022,"27,000.00"
162,2023,"41,000.00"
163,2016,"36,000.00"
163,2017,"38,000.00"
163,2018,"99,550.00"
163,2019,"34,000.00"
163,2020,"35,000.00"
163,2021,"36,000.00"
163,2022,"38,000.00"
163,2023,"35,000.00"
164,2016,"80,000.00"
164,2017,"76,000.00"
164,2018,"124,300.00"
164,2019,"31,000.00"
164,2020,"35,000.00"
164,2021,"43,000.00"
164,2022,"39,000.00"
164,2023,"42,000.00"
165,2016,"76,000.00"
165,2017,"50,000.00"
165,2018,"105,875.00"
165,2019,"33,000.00"
165,2020,"36,000.00"
165,2021,"44,000.00"
165,2022,"36,000.00"
165,2023,"43,000.00"
166,2016,"45,000.00"
166,2017,"67,000.00"
166,2018,"106,975.00"
166,2019,"37,000.00"
166,2020,"37,000.00"
166,2021,"39,000.00"
166,2022,"37,000.00"
166,2023,"37,000.00"
167,2016,"92,000.00"
167,2017,"85,000.00"
167,2018,"123,750.00"
167,2019,"34,000.00"
167,2020,"33,000.00"
167,2021,"34,000.00"
167,2022,"38,000.00"
167,2023,"35,000.00"
168,2016,"45,000.00"
168,2017,"34,000.00"
168,2018,"110,000.00"
168,2019,"32,000.00"
168,2020,"34,000.00"
168,2021,"35,000.00"
168,2022,"34,000.00"
168,2023,"34,000.00"
169,2016,"67,000.00"
169,2017,"65,000.00"
169,2018,"119,625.00"
169,2019,"33,000.00"
169,2020,"34,000.00"
169,2021,"34,000.00"
169,2022,"33,000.00"
169,2023,"35,000.00"
170,2016,"34,000.00"
170,2017,"34,000.00"
170,2018,"88,550.00"
170,2019,"34,000.00"
170,2020,"36,000.00"
170,2021,"37,000.00"
170,2022,"38,500.00"
170,2023,"38,000.00"
171,2016,"65,000.00"
171,2017,"35,000.00"
171,2018,"94,050.00"
171,2019,"35,000.00"
171,2020,"38,000.00"
171,2021,"38,000.00"
171,2022,"39,500.00"
171,2023,"40,000.00"
172,2016,"34,000.00"
172,2017,"26,000.00"
172,2018,"103,125.00"
172,2019,"35,000.00"
172,2020,"38,500.00"
172,2021,"39,000.00"
172,2022,"39,500.00"
172,2023,"40,000.00"
173,2016,"45,000.00"
173,2017,"34,000.00"
173,2018,"110,000.00"
173,2019,"35,000.00"
173,2020,"38,000.00"
173,2021,"39,000.00"
173,2022,"38,500.00"
173,2023,"41,000.00"
174,2016,"54,000.00"
174,2017,"35,000.00"
174,2018,"116,600.00"
174,2019,"34,000.00"
174,2020,"39,500.00"
174,2021,"37,000.00"
174,2022,"38,500.00"
174,2023,"43,000.00"
175,2016,"56,000.00"
175,2017,"57,000.00"
175,2018,"120,450.00"
175,2019,"35,000.00"
175,2020,"38,500.00"
175,2021,"39,000.00"
175,2022,"35,500.00"
175,2023,"40,000.00"
176,2016,"56,000.00"
176,2017,"76,000.00"
176,2018,"128,150.00"
176,2019,"35,000.00"
176,2020,"37,000.00"
176,2021,"38,000.00"
176,2022,"38,500.00"
176,2023,"41,000.00"
177,2016,"45,000.00"
177,2017,"80,000.00"
177,2018,"140,800.00"
177,2019,"35,000.00"
177,2020,"36,000.00"
177,2021,"37,000.00"
177,2022,"38,500.00"
177,2023,"43,000.00"
178,2016,"80,000.00"
178,2017,"89,000.00"
178,2018,"114,950.00"
178,2019,"34,000.00"
178,2020,"37,500.00"
178,2021,"37,000.00"
178,2022,"37,500.00"
178,2023,"42,000.00"
179,2016,"90,000.00"
179,2017,"88,000.00"
179,2018,"105,600.00"
179,2019,"36,000.00"
179,2020,"38,000.00"
179,2021,"38,000.00"
179,2022,"39,500.00"
179,2023,"44,000.00"
180,2016,"45,000.00"
180,2017,"76,000.00"
180,2018,"90,750.00"
180,2019,"37,000.00"
180,2020,"38,000.00"
180,2021,"37,000.00"
180,2022,"38,500.00"
180,2023,"41,000.00"
181,2016,"87,000.00"
181,2017,"56,000.00"
181,2018,"107,250.00"
181,2019,"36,000.00"
181,2020,"36,000.00"
181,2021,"39,000.00"
181,2022,"35,500.00"
181,2023,"35,000.00"
182,2016,"34,000.00"
182,2017,"39,500.00"
182,2018,"105,600.00"
182,2019,"36,000.00"
182,2020,"37,000.00"
182,2021,"37,000.00"
182,2022,"38,500.00"
182,2023,"39,000.00"
183,2016,"35,000.00"
183,2017,"38,500.00"
183,2018,"108,900.00"
183,2019,"31,000.00"
183,2020,"31,500.00"
183,2021,"32,500.00"
183,2022,"31,000.00"
183,2023,"31,500.00"
184,2016,"35,000.00"
184,2017,"37,000.00"
184,2018,"110,000.00"
184,2019,"34,000.00"
184,2020,"36,000.00"
184,2021,"37,000.00"
184,2022,"36,000.00"
184,2023,"38,000.00"
185,2016,"35,000.00"
185,2017,"36,000.00"
185,2018,"117,700.00"
185,2019,"34,000.00"
185,2020,"38,000.00"
185,2021,"37,000.00"
185,2022,"35,000.00"
185,2023,"40,000.00"
186,2016,"34,000.00"
186,2017,"37,500.00"
186,2018,"111,925.00"
186,2019,"36,000.00"
186,2020,"38,500.00"
186,2021,"38,000.00"
186,2022,"41,000.00"
186,2023,"40,000.00"
187,2016,"36,000.00"
187,2017,"38,000.00"
187,2018,"95,425.00"
187,2019,"35,000.00"
187,2020,"38,000.00"
187,2021,"37,000.00"
187,2022,"39,000.00"
187,2023,"41,000.00"
188,2016,"80,000.00"
188,2017,"76,000.00"
188,2018,"100,650.00"
188,2019,"31,000.00"
188,2020,"38,500.00"
188,2021,"39,000.00"
188,2022,"32,000.00"
188,2023,"43,000.00"
189,2016,"76,000.00"
189,2017,"50,000.00"
189,2018,"107,800.00"
189,2019,"36,000.00"
189,2020,"38,000.00"
189,2021,"37,000.00"
189,2022,"39,000.00"
189,2023,"40,000.00"
190,2016,"45,000.00"
190,2017,"67,000.00"
190,2018,"118,800.00"
190,2019,"32,000.00"
190,2020,"37,500.00"
190,2021,"32,500.00"
190,2022,"38,000.00"
190,2023,"41,000.00"
191,2016,"92,000.00"
191,2017,"85,000.00"
191,2018,"117,150.00"
191,2019,"36,000.00"
191,2020,"36,500.00"
191,2021,"37,000.00"
191,2022,"39,000.00"
191,2023,"43,000.00"
192,2016,"45,000.00"
192,2017,"34,000.00"
192,2018,"106,150.00"
192,2019,"32,000.00"
192,2020,"37,000.00"
192,2021,"36,000.00"
192,2022,"36,000.00"
192,2023,"42,000.00"
193,2016,"67,000.00"
193,2017,"65,000.00"
193,2018,"81,400.00"
193,2019,"41,000.00"
193,2020,"38,500.00"
193,2021,"41,000.00"
193,2022,"44,000.00"
193,2023,"44,000.00"
194,2016,"34,000.00"
194,2017,"34,000.00"
194,2018,"87,725.00"
194,2019,"29,000.00"
194,2020,"39,500.00"
194,2021,"40,000.00"
194,2022,"45,000.00"
194,2023,"41,000.00"
195,2016,"65,000.00"
195,2017,"35,000.00"
195,2018,"87,780.00"
195,2019,"31,000.00"
195,2020,"39,500.00"
195,2021,"32,000.00"
195,2022,"32,000.00"
195,2023,"35,000.00"
196,2016,"34,000.00"
196,2017,"26,000.00"
196,2018,"90,750.00"
196,2019,"31,000.00"
196,2020,"38,500.00"
196,2021,"38,000.00"
196,2022,"27,000.00"
196,2023,"39,000.00"
197,2016,"45,000.00"
197,2017,"34,000.00"
197,2018,"80,575.00"
197,2019,"34,000.00"
197,2020,"37,000.00"
197,2021,"31,000.00"
197,2022,"38,000.00"
197,2023,"31,500.00"
198,2016,"90,000.00"
198,2017,"88,000.00"
198,2018,"110,550.00"
198,2019,"31,000.00"
198,2020,"36,000.00"
198,2021,"37,000.00"
198,2022,"39,000.00"
198,2023,"38,000.00"
199,2016,"45,000.00"
199,2017,"76,000.00"
199,2018,"107,800.00"
199,2019,"33,000.00"
199,2020,"37,500.00"
199,2021,"36,000.00"
199,2022,"36,000.00"
199,2023,"40,000.00"
200,2016,"87,000.00"
200,2017,"56,000.00"
200,2018,"96,525.00"
200,2019,"37,000.00"
200,2020,"38,000.00"
200,2021,"43,000.00"
200,2022,"37,000.00"
200,2023,"40,000.00"
201,2016,"34,000.00"
201,2017,"39,500.00"
201,2018,"111,100.00"
201,2019,"34,000.00"
201,2020,"38,000.00"
201,2021,"44,000.00"
201,2022,"27,000.00"
201,2023,"41,000.00"
202,2016,"35,000.00"
202,2017,"38,500.00"
202,2018,"122,925.00"
202,2019,"34,000.00"
202,2020,"36,000.00"
202,2021,"39,000.00"
202,2022,"43,000.00"
202,2023,"43,000.00"
203,2016,"35,000.00"
203,2017,"37,000.00"
203,2018,"105,600.00"
203,2019,"34,000.00"
203,2020,"36,000.00"
203,2021,"37,000.00"
203,2022,"36,000.00"
203,2023,"40,000.00"
204,2016,"35,000.00"
204,2017,"36,000.00"
204,2018,"95,700.00"
204,2019,"36,000.00"
204,2020,"38,000.00"
204,2021,"36,000.00"
204,2022,"44,000.00"
204,2023,"41,000.00"
205,2016,"34,000.00"
205,2017,"37,500.00"
205,2018,"105,325.00"
205,2019,"35,000.00"
205,2020,"38,500.00"
205,2021,"36,000.00"
205,2022,"45,000.00"
205,2023,"43,000.00"
206,2016,"36,000.00"
206,2017,"38,000.00"
206,2018,"122,760.00"
206,2019,"31,000.00"
206,2020,"38,000.00"
206,2021,"43,000.00"
206,2022,"32,000.00"
206,2023,"42,000.00"
207,2016,"54,000.00"
207,2017,"67,000.00"
207,2018,"99,000.00"
207,2019,"36,000.00"
207,2020,"38,500.00"
207,2021,"37,000.00"
207,2022,"27,000.00"
207,2023,"44,000.00"
208,2016,"76,000.00"
208,2017,"75,000.00"
208,2018,"78,650.00"
208,2019,"32,000.00"
208,2020,"38,000.00"
208,2021,"37,000.00"
208,2022,"38,000.00"
208,2023,"41,000.00"
209,2016,"45,000.00"
209,2017,"88,000.00"
209,2018,"85,250.00"
209,2019,"36,000.00"
209,2020,"37,500.00"
209,2021,"38,000.00"
209,2022,"39,000.00"
209,2023,"35,000.00"
210,2016,"56,000.00"
210,2017,"67,000.00"
210,2018,"103,125.00"
210,2019,"32,000.00"
210,2020,"36,500.00"
210,2021,"37,000.00"
210,2022,"36,000.00"
210,2023,"39,000.00"
211,2016,"54,000.00"
211,2017,"56,000.00"
211,2018,"104,500.00"
211,2019,"41,000.00"
211,2020,"37,000.00"
211,2021,"39,000.00"
211,2022,"37,000.00"
211,2023,"31,500.00"
212,2016,"60,000.00"
212,2017,"65,000.00"
212,2018,"110,000.00"
212,2019,"29,000.00"
212,2020,"38,500.00"
212,2021,"37,000.00"
212,2022,"27,000.00"
212,2023,"38,000.00"
213,2016,"70,000.00"
213,2017,"76,000.00"
213,2018,"120,450.00"
213,2019,"31,000.00"
213,2020,"39,500.00"
213,2021,"32,500.00"
213,2022,"43,000.00"
213,2023,"40,000.00"
214,2016,"45,900.00"
214,2017,"67,000.00"
214,2018,"123,200.00"
214,2019,"31,000.00"
214,2020,"39,500.00"
214,2021,"37,000.00"
214,2022,"36,000.00"
214,2023,"40,000.00"
215,2016,"70,000.00"
215,2017,"110,000.00"
215,2018,"113,300.00"
215,2019,"34,000.00"
215,2020,"38,500.00"
215,2021,"36,000.00"
215,2022,"44,000.00"
215,2023,"41,000.00"
216,2016,"76,600.00"
216,2017,"100,000.00"
216,2018,"88,550.00"
216,2019,"31,000.00"
216,2020,"37,000.00"
216,2021,"41,000.00"
216,2022,"45,000.00"
216,2023,"43,000.00"
217,2016,"65,000.00"
217,2017,"87,000.00"
217,2018,"101,640.00"
217,2019,"33,000.00"
217,2020,"36,000.00"
217,2021,"40,000.00"
217,2022,"32,000.00"
217,2023,"40,000.00"
218,2016,"87,000.00"
218,2017,"76,000.00"
218,2018,"106,700.00"
218,2019,"37,000.00"
218,2020,"37,500.00"
218,2021,"32,000.00"
218,2022,"27,000.00"
218,2023,"41,000.00"
219,2016,"90,000.00"
219,2017,"100,000.00"
219,2018,"74,250.00"
219,2019,"34,000.00"
219,2020,"38,000.00"
219,2021,"38,000.00"
219,2022,"38,000.00"
219,2023,"43,000.00"
220,2016,"87,000.00"
220,2017,"97,000.00"
220,2018,"102,850.00"
220,2019,"34,000.00"
220,2020,"38,000.00"
220,2021,"31,000.00"
220,2022,"39,000.00"
220,2023,"42,000.00"
221,2016,"88,000.00"
221,2017,"90,000.00"
221,2018,"115,500.00"
221,2019,"34,000.00"
221,2020,"36,000.00"
221,2021,"37,000.00"
221,2022,"36,000.00"
221,2023,"44,000.00"
222,2016,"65,000.00"
222,2017,"78,000.00"
222,2018,"127,875.00"
222,2019,"36,000.00"
222,2020,"36,000.00"
222,2021,"36,000.00"
222,2022,"37,000.00"
222,2023,"41,000.00"
223,2016,"66,600.00"
223,2017,"87,000.00"
223,2018,"114,400.00"
223,2019,"35,000.00"
223,2020,"38,000.00"
223,2021,"43,000.00"
223,2022,"27,000.00"
223,2023,"35,000.00"
224,2016,"90,000.00"
224,2017,"88,000.00"
224,2018,"128,150.00"
224,2019,"31,000.00"
224,2020,"38,500.00"
224,2021,"44,000.00"
224,2022,"43,000.00"
224,2023,"39,000.00"
225,2016,"45,000.00"
225,2017,"76,000.00"
225,2018,"107,800.00"
225,2019,"36,000.00"
225,2020,"38,000.00"
225,2021,"39,000.00"
225,2022,"36,000.00"
225,2023,"31,500.00"
226,2016,"87,000.00"
226,2017,"56,000.00"
226,2018,"91,850.00"
226,2019,"32,000.00"
226,2020,"38,500.00"
226,2021,"37,000.00"
226,2022,"44,000.00"
226,2023,"38,000.00"
227,2016,"34,000.00"
227,2017,"39,500.00"
227,2018,"86,350.00"
227,2019,"36,000.00"
227,2020,"38,000.00"
227,2021,"36,000.00"
227,2022,"45,000.00"
227,2023,"40,000.00"
228,2016,"35,000.00"
228,2017,"38,500.00"
228,2018,"80,245.00"
228,2019,"32,000.00"
228,2020,"37,500.00"
228,2021,"37,000.00"
228,2022,"32,000.00"
228,2023,"40,000.00"
229,2016,"35,000.00"
229,2017,"37,000.00"
229,2018,"93,500.00"
229,2019,"41,000.00"
229,2020,"36,500.00"
229,2021,"36,000.00"
229,2022,"27,000.00"
229,2023,"41,000.00"
230,2016,"35,000.00"
230,2017,"36,000.00"
230,2018,"92,400.00"
230,2019,"29,000.00"
230,2020,"37,000.00"
230,2021,"41,000.00"
230,2022,"38,000.00"
230,2023,"43,000.00"
231,2016,"34,000.00"
231,2017,"37,500.00"
231,2018,"110,825.00"
231,2019,"31,000.00"
231,2020,"38,500.00"
231,2021,"40,000.00"
231,2022,"39,000.00"
231,2023,"40,000.00"
232,2016,"36,000.00"
232,2017,"38,000.00"
232,2018,"101,200.00"
232,2019,"31,000.00"
232,2020,"39,500.00"
232,2021,"32,000.00"
232,2022,"36,000.00"
232,2023,"41,000.00"
233,2016,"45,000.00"
233,2017,"86,000.00"
233,2018,"118,800.00"
233,2019,"34,000.00"
233,2020,"39,500.00"
233,2021,"38,000.00"
233,2022,"37,000.00"
233,2023,"43,000.00"
234,2016,"56,000.00"
234,2017,"59,000.00"
234,2018,"128,425.00"
234,2019,"31,000.00"
234,2020,"38,500.00"
234,2021,"31,000.00"
234,2022,"27,000.00"
234,2023,"42,000.00"
235,2016,"70,000.00"
235,2017,"80,000.00"
235,2018,"118,800.00"
235,2019,"33,000.00"
235,2020,"37,000.00"
235,2021,"37,000.00"
235,2022,"43,000.00"
235,2023,"44,000.00"
236,2016,"65,000.00"
236,2017,"89,000.00"
236,2018,"132,000.00"
236,2019,"37,000.00"
236,2020,"36,000.00"
236,2021,"36,000.00"
236,2022,"36,000.00"
236,2023,"41,000.00"
237,2016,"70,000.00"
237,2017,"76,000.00"
237,2018,"107,250.00"
237,2019,"34,000.00"
237,2020,"37,500.00"
237,2021,"43,000.00"
237,2022,"44,000.00"
237,2023,"35,000.00"
238,2016,"80,000.00"
238,2017,"56,000.00"
238,2018,"115,775.00"
238,2019,"34,000.00"
238,2020,"38,000.00"
238,2021,"44,000.00"
238,2022,"45,000.00"
238,2023,"39,000.00"
239,2016,"56,000.00"
239,2017,"89,000.00"
239,2018,"95,920.00"
239,2019,"34,000.00"
239,2020,"38,000.00"
239,2021,"39,000.00"
239,2022,"32,000.00"
239,2023,"31,500.00"
240,2016,"45,000.00"
240,2017,"89,000.00"
240,2018,"87,450.00"
240,2019,"36,000.00"
240,2020,"36,000.00"
240,2021,"37,000.00"
240,2022,"27,000.00"
240,2023,"38,000.00"
241,2016,"43,000.00"
241,2017,"90,000.00"
241,2018,"72,325.00"
241,2019,"35,000.00"
241,2020,"36,000.00"
241,2021,"36,000.00"
241,2022,"38,000.00"
241,2023,"40,000.00"
242,2016,"59,000.00"
242,2017,"10,000.00"
242,2018,"98,450.00"
242,2019,"31,000.00"
242,2020,"38,000.00"
242,2021,"43,000.00"
242,2022,"39,000.00"
242,2023,"40,000.00"
243,2016,"76,000.00"
243,2017,"88,000.00"
243,2018,"106,700.00"
243,2019,"36,000.00"
243,2020,"38,500.00"
243,2021,"44,000.00"
243,2022,"36,000.00"
243,2023,"41,000.00"
244,2016,"100,000.00"
244,2017,"99,000.00"
244,2018,"104,775.00"
244,2019,"32,000.00"
244,2020,"38,000.00"
244,2021,"39,000.00"
244,2022,"37,000.00"
244,2023,"43,000.00"
245,2016,"120,000.00"
245,2017,"115,000.00"
245,2018,"110,000.00"
245,2019,"36,000.00"
245,2020,"38,500.00"
245,2021,"34,000.00"
245,2022,"27,000.00"
245,2023,"40,000.00"
246,2016,"35,000.00"
246,2017,"38,500.00"
246,2018,"118,800.00"
246,2019,"32,000.00"
246,2020,"38,000.00"
246,2021,"35,000.00"
246,2022,"43,000.00"
246,2023,"41,000.00"
247,2016,"35,000.00"
247,2017,"37,000.00"
247,2018,"118,800.00"
247,2019,"41,000.00"
247,2020,"37,500.00"
247,2021,"34,000.00"
247,2022,"36,000.00"
247,2023,"43,000.00"
248,2016,"35,000.00"
248,2017,"36,000.00"
248,2018,"84,150.00"
248,2019,"29,000.00"
248,2020,"36,500.00"
248,2021,"37,000.00"
248,2022,"44,000.00"
248,2023,"42,000.00"
249,2016,"34,000.00"
249,2017,"37,500.00"
249,2018,"97,900.00"
249,2019,"31,000.00"
249,2020,"37,000.00"
249,2021,"38,000.00"
249,2022,"45,000.00"
249,2023,"44,000.00"
250,2016,"36,000.00"
250,2017,"38,000.00"
250,2018,"102,905.00"
250,2019,"31,000.00"
250,2020,"38,500.00"
250,2021,"39,000.00"
250,2022,"32,000.00"
250,2023,"41,000.00"
251,2016,"54,000.00"
251,2017,"67,000.00"
251,2018,"89,925.00"
251,2019,"34,000.00"
251,2020,"39,500.00"
251,2021,"37,000.00"
251,2022,"27,000.00"
251,2023,"35,000.00"
252,2016,"76,000.00"
252,2017,"75,000.00"
252,2018,"89,100.00"
252,2019,"31,000.00"
252,2020,"39,500.00"
252,2021,"36,000.00"
252,2022,"38,000.00"
252,2023,"39,000.00"
253,2016,"45,000.00"
253,2017,"88,000.00"
253,2018,"118,525.00"
253,2019,"33,000.00"
253,2020,"38,500.00"
253,2021,"41,000.00"
253,2022,"39,000.00"
253,2023,"31,500.00"
254,2016,"56,000.00"
254,2017,"67,000.00"
254,2018,"131,450.00"
254,2019,"37,000.00"
254,2020,"37,000.00"
254,2021,"40,000.00"
254,2022,"36,000.00"
254,2023,"38,000.00"
255,2016,"54,000.00"
255,2017,"56,000.00"
255,2018,"123,750.00"
255,2019,"34,000.00"
255,2020,"36,000.00"
255,2021,"32,000.00"
255,2022,"37,000.00"
255,2023,"40,000.00"
256,2016,"60,000.00"
256,2017,"65,000.00"
256,2018,"110,000.00"
256,2019,"34,000.00"
256,2020,"37,500.00"
256,2021,"38,000.00"
256,2022,"27,000.00"
256,2023,"40,000.00"
257,2016,"99,000.00"
257,2017,"100,000.00"
257,2018,"109,450.00"
257,2019,"34,000.00"
257,2020,"38,000.00"
257,2021,"31,000.00"
257,2022,"43,000.00"
257,2023,"41,000.00"
258,2016,"90,000.00"
258,2017,"88,000.00"
258,2018,"110,000.00"
258,2019,"36,000.00"
258,2020,"38,000.00"
258,2021,"37,000.00"
258,2022,"36,000.00"
258,2023,"43,000.00"
259,2016,"45,000.00"
259,2017,"76,000.00"
259,2018,"92,950.00"
259,2019,"35,000.00"
259,2020,"36,000.00"
259,2021,"36,000.00"
259,2022,"44,000.00"
259,2023,"40,000.00"
260,2016,"87,000.00"
260,2017,"56,000.00"
260,2018,"77,550.00"
260,2019,"31,000.00"
260,2020,"36,000.00"
260,2021,"43,000.00"
260,2022,"45,000.00"
260,2023,"41,000.00"
261,2016,"34,000.00"
261,2017,"39,500.00"
261,2018,"81,620.00"
261,2019,"36,000.00"
261,2020,"38,000.00"
261,2021,"44,000.00"
261,2022,"32,000.00"
261,2023,"43,000.00"
262,2016,"35,000.00"
262,2017,"38,500.00"
262,2018,"99,000.00"
262,2019,"32,000.00"
262,2020,"38,500.00"
262,2021,"39,000.00"
262,2022,"27,000.00"
262,2023,"42,000.00"
263,2016,"35,000.00"
263,2017,"37,000.00"
263,2018,"88,550.00"
263,2019,"36,000.00"
263,2020,"38,000.00"
263,2021,"37,000.00"
263,2022,"38,000.00"
263,2023,"44,000.00"
264,2016,"35,000.00"
264,2017,"36,000.00"
264,2018,"85,800.00"
264,2019,"32,000.00"
264,2020,"38,500.00"
264,2021,"36,000.00"
264,2022,"39,000.00"
264,2023,"41,000.00"
265,2016,"33,000.00"
265,2017,"37,500.00"
265,2018,"96,800.00"
265,2019,"41,000.00"
265,2020,"38,000.00"
265,2021,"43,000.00"
265,2022,"36,000.00"
265,2023,"35,000.00"
266,2016,"36,000.00"
266,2017,"40,000.00"
266,2018,"104,225.00"
266,2019,"29,000.00"
266,2020,"37,500.00"
266,2021,"44,000.00"
266,2022,"37,000.00"
266,2023,"39,000.00"
267,2016,"54,000.00"
267,2017,"67,900.00"
267,2018,"98,175.00"
267,2019,"31,000.00"
267,2020,"36,500.00"
267,2021,"39,000.00"
267,2022,"27,000.00"
267,2023,"31,500.00"
268,2016,"60,000.00"
268,2017,"86,000.00"
268,2018,"122,100.00"
268,2019,"31,000.00"
268,2020,"37,000.00"
268,2021,"34,000.00"
268,2022,"43,000.00"
268,2023,"38,000.00"
269,2016,"56,000.00"
269,2017,"89,000.00"
269,2018,"124,300.00"
269,2019,"34,000.00"
269,2020,"38,500.00"
269,2021,"35,000.00"
269,2022,"36,000.00"
269,2023,"40,000.00"
270,2016,"36,000.00"
270,2017,"38,000.00"
270,2018,"114,400.00"
270,2019,"31,000.00"
270,2020,"39,500.00"
270,2021,"34,000.00"
270,2022,"44,000.00"
270,2023,"40,000.00"
271,2016,"45,000.00"
271,2017,"86,000.00"
271,2018,"94,600.00"
271,2019,"33,000.00"
271,2020,"39,500.00"
271,2021,"37,000.00"
271,2022,"45,000.00"
271,2023,"41,000.00"
272,2016,"56,000.00"
272,2017,"59,000.00"
272,2018,"90,860.00"
272,2019,"37,000.00"
272,2020,"38,500.00"
272,2021,"38,000.00"
272,2022,"32,000.00"
272,2023,"43,000.00"
273,2016,"70,000.00"
273,2017,"80,000.00"
273,2018,"86,900.00"
273,2019,"34,000.00"
273,2020,"37,000.00"
273,2021,"39,000.00"
273,2022,"27,000.00"
273,2023,"40,000.00"
274,2016,"65,000.00"
274,2017,"89,000.00"
274,2018,"86,900.00"
274,2019,"34,000.00"
274,2020,"36,000.00"
274,2021,"37,000.00"
274,2022,"38,000.00"
274,2023,"41,000.00"
275,2016,"70,000.00"
275,2017,"76,000.00"
275,2018,"94,875.00"
275,2019,"34,000.00"
275,2020,"37,500.00"
275,2021,"36,000.00"
275,2022,"39,000.00"
275,2023,"43,000.00"
276,2016,"80,000.00"
276,2017,"56,000.00"
276,2018,"94,875.00"
276,2019,"36,000.00"
276,2020,"38,000.00"
276,2021,"41,000.00"
276,2022,"36,000.00"
276,2023,"42,000.00"
277,2016,"56,000.00"
277,2017,"89,000.00"
277,2018,"101,750.00"
277,2019,"35,000.00"
277,2020,"38,000.00"
277,2021,"40,000.00"
277,2022,"37,000.00"
277,2023,"44,000.00"
278,2016,"45,000.00"
278,2017,"89,000.00"
278,2018,"111,100.00"
278,2019,"31,000.00"
278,2020,"36,000.00"
278,2021,"32,000.00"
278,2022,"27,000.00"
278,2023,"41,000.00"
279,2016,"43,000.00"
279,2017,"90,000.00"
279,2018,"124,300.00"
279,2019,"36,000.00"
279,2020,"36,000.00"
279,2021,"38,000.00"
279,2022,"43,000.00"
279,2023,"35,000.00"
280,2016,"59,000.00"
280,2017,"10,000.00"
280,2018,"101,200.00"
280,2019,"32,000.00"
280,2020,"38,000.00"
280,2021,"31,000.00"
280,2022,"36,000.00"
280,2023,"39,000.00"
281,2016,"66,000.00"
281,2017,"69,000.00"
281,2018,"105,600.00"
281,2019,"36,000.00"
281,2020,"38,500.00"
281,2021,"37,000.00"
281,2022,"44,000.00"
281,2023,"31,500.00"
282,2016,"100,000.00"
282,2017,"120,000.00"
282,2018,"108,625.00"
282,2019,"32,000.00"
282,2020,"38,000.00"
282,2021,"36,000.00"
282,2022,"45,000.00"
282,2023,"38,000.00"
283,2016,"88,000.00"
283,2017,"90,000.00"
283,2018,"85,800.00"
283,2019,"41,000.00"
283,2020,"38,500.00"
283,2021,"43,000.00"
283,2022,"32,000.00"
283,2023,"40,000.00"
284,2016,"65,000.00"
284,2017,"95,000.00"
284,2018,"95,700.00"
284,2019,"29,000.00"
284,2020,"38,000.00"
284,2021,"44,000.00"
284,2022,"27,000.00"
284,2023,"40,000.00"
285,2016,"88,000.00"
285,2017,"90,000.00"
285,2018,"88,550.00"
285,2019,"31,000.00"
285,2020,"37,500.00"
285,2021,"39,000.00"
285,2022,"38,000.00"
285,2023,"41,000.00"
286,2016,"87,000.00"
286,2017,"92,000.00"
286,2018,"124,025.00"
286,2019,"31,000.00"
286,2020,"36,500.00"
286,2021,"37,000.00"
286,2022,"39,000.00"
286,2023,"43,000.00"
287,2016,"45,000.00"
287,2017,"89,000.00"
287,2018,"111,100.00"
287,2019,"34,000.00"
287,2020,"37,000.00"
287,2021,"36,000.00"
287,2022,"36,000.00"
287,2023,"40,000.00"
288,2016,"43,000.00"
288,2017,"90,000.00"
288,2018,"110,000.00"
288,2019,"31,000.00"
288,2020,"38,500.00"
288,2021,"43,000.00"
288,2022,"37,000.00"
288,2023,"41,000.00"
289,2016,"59,000.00"
289,2017,"10,000.00"
289,2018,"105,600.00"
289,2019,"33,000.00"
289,2020,"39,500.00"
289,2021,"44,000.00"
289,2022,"27,000.00"
289,2023,"43,000.00"
290,2016,"76,000.00"
290,2017,"88,000.00"
290,2018,"124,575.00"
290,2019,"37,000.00"
290,2020,"39,500.00"
290,2021,"39,000.00"
290,2022,"43,000.00"
290,2023,"42,000.00"
291,2016,"100,000.00"
291,2017,"99,000.00"
291,2018,"113,300.00"
291,2019,"34,000.00"
291,2020,"38,500.00"
291,2021,"34,000.00"
291,2022,"36,000.00"
291,2023,"44,000.00"
292,2016,"120,000.00"
292,2017,"115,000.00"
292,2018,"95,700.00"
292,2019,"34,000.00"
292,2020,"37,000.00"
292,2021,"35,000.00"
292,2022,"44,000.00"
292,2023,"41,000.00"
293,2016,"35,000.00"
293,2017,"38,500.00"
293,2018,"95,700.00"
293,2019,"34,000.00"
293,2020,"36,000.00"
293,2021,"34,000.00"
293,2022,"45,000.00"
293,2023,"35,000.00"
294,2016,"35,000.00"
294,2017,"37,000.00"
294,2018,"99,000.00"
294,2019,"36,000.00"
294,2020,"37,500.00"
294,2021,"37,000.00"
294,2022,"32,000.00"
294,2023,"39,000.00"
295,2016,"45,000.00"
295,2017,"89,000.00"
295,2018,"106,700.00"
295,2019,"35,000.00"
295,2020,"38,000.00"
295,2021,"38,000.00"
295,2022,"27,000.00"
295,2023,"31,500.00"
296,2016,"43,000.00"
296,2017,"90,000.00"
296,2018,"71,775.00"
296,2019,"31,000.00"
296,2020,"38,000.00"
296,2021,"39,000.00"
296,2022,"38,000.00"
296,2023,"38,000.00"
297,2016,"59,000.00"
297,2017,"10,000.00"
297,2018,"102,850.00"
297,2019,"36,000.00"
297,2020,"36,000.00"
297,2021,"37,000.00"
297,2022,"39,000.00"
297,2023,"40,000.00"
298,2016,"66,000.00"
298,2017,"69,000.00"
298,2018,"114,950.00"
298,2019,"32,000.00"
298,2020,"36,000.00"
298,2021,"36,000.00"
298,2022,"36,000.00"
298,2023,"40,000.00"
299,2016,"100,000.00"
299,2017,"120,000.00"
299,2018,"94,875.00"
299,2019,"36,000.00"
299,2020,"38,000.00"
299,2021,"41,000.00"
299,2022,"37,000.00"
299,2023,"41,000.00"
300,2016,"88,000.00"
300,2017,"90,000.00"
300,2018,"121,000.00"
300,2019,"32,000.00"
300,2020,"38,500.00"
300,2021,"40,000.00"
300,2022,"27,000.00"
300,2023,"43,000.00"
301,2016,"65,000.00"
301,2017,"95,000.00"
301,2018,"145,750.00"
301,2019,"41,000.00"
301,2020,"38,000.00"
301,2021,"32,000.00"
301,2022,"43,000.00"
301,2023,"40,000.00"
302,2016,"88,000.00"
302,2017,"90,000.00"
302,2018,"132,000.00"
302,2019,"29,000.00"
302,2020,"38,500.00"
302,2021,"38,000.00"
302,2022,"36,000.00"
302,2023,"41,000.00"
303,2016,"87,000.00"
303,2017,"92,000.00"
303,2018,"99,000.00"
303,2019,"31,000.00"
303,2020,"38,000.00"
303,2021,"31,000.00"
303,2022,"44,000.00"
303,2023,"43,000.00"
304,2016,"45,000.00"
304,2017,"89,000.00"
304,2018,"86,350.00"
304,2019,"31,000.00"
304,2020,"37,500.00"
304,2021,"37,000.00"
304,2022,"45,000.00"
304,2023,"42,000.00"
305,2016,"43,000.00"
305,2017,"90,000.00"
305,2018,"79,200.00"
305,2019,"34,000.00"
305,2020,"36,500.00"
305,2021,"36,000.00"
305,2022,"32,000.00"
305,2023,"44,000.00"
306,2016,"59,000.00"
306,2017,"10,000.00"
306,2018,"101,200.00"
306,2019,"31,000.00"
306,2020,"37,000.00"
306,2021,"43,000.00"
306,2022,"27,000.00"
306,2023,"41,000.00"
307,2016,"76,000.00"
307,2017,"88,000.00"
307,2018,"83,600.00"
307,2019,"33,000.00"
307,2020,"38,500.00"
307,2021,"44,000.00"
307,2022,"38,000.00"
307,2023,"35,000.00"
308,2016,"88,000.00"
308,2017,"90,000.00"
308,2018,"94,325.00"
308,2019,"37,000.00"
308,2020,"39,500.00"
308,2021,"39,000.00"
308,2022,"39,000.00"
308,2023,"39,000.00"
309,2016,"89,000.00"
309,2017,"100,000.00"
309,2018,"100,100.00"
309,2019,"34,000.00"
309,2020,"39,500.00"
309,2021,"37,000.00"
309,2022,"36,000.00"
309,2023,"31,500.00"
310,2016,"92,000.00"
310,2017,"102,000.00"
310,2018,"122,925.00"
310,2019,"34,000.00"
310,2020,"38,500.00"
310,2021,"36,000.00"
310,2022,"37,000.00"
310,2023,"38,000.00"
311,2016,"45,000.00"
311,2017,"89,000.00"
311,2018,"128,425.00"
311,2019,"34,000.00"
311,2020,"37,000.00"
311,2021,"43,000.00"
311,2022,"27,000.00"
311,2023,"40,000.00"
312,2016,"43,000.00"
312,2017,"90,000.00"
312,2018,"128,700.00"
312,2019,"36,000.00"
312,2020,"36,000.00"
312,2021,"44,000.00"
312,2022,"43,000.00"
312,2023,"40,000.00"
313,2016,"59,000.00"
313,2017,"10,000.00"
313,2018,"118,800.00"
313,2019,"35,000.00"
313,2020,"37,500.00"
313,2021,"39,000.00"
313,2022,"36,000.00"
313,2023,"41,000.00"
314,2016,"76,000.00"
314,2017,"88,000.00"
314,2018,"103,125.00"
314,2019,"31,000.00"
314,2020,"38,000.00"
314,2021,"34,000.00"
314,2022,"44,000.00"
314,2023,"43,000.00"
315,2016,"100,000.00"
315,2017,"99,000.00"
315,2018,"81,950.00"
315,2019,"36,000.00"
315,2020,"38,000.00"
315,2021,"35,000.00"
315,2022,"45,000.00"
315,2023,"40,000.00"
316,2016,"120,000.00"
316,2017,"115,000.00"
316,2018,"95,920.00"
316,2019,"32,000.00"
316,2020,"36,000.00"
316,2021,"34,000.00"
316,2022,"32,000.00"
316,2023,"41,000.00"
317,2016,"35,000.00"
317,2017,"38,500.00"
317,2018,"107,250.00"
317,2019,"36,000.00"
317,2020,"36,000.00"
317,2021,"37,000.00"
317,2022,"27,000.00"
317,2023,"43,000.00"
318,2016,"35,000.00"
318,2017,"37,000.00"
318,2018,"77,000.00"
318,2019,"32,000.00"
318,2020,"38,000.00"
318,2021,"38,000.00"
318,2022,"38,000.00"
318,2023,"42,000.00"
319,2016,"67,000.00"
319,2017,"56,000.00"
319,2018,"122,925.00"
319,2019,"41,000.00"
319,2020,"38,500.00"
319,2021,"39,000.00"
319,2022,"39,000.00"
319,2023,"44,000.00"
320,2016,"69,000.00"
320,2017,"68,000.00"
320,2018,"116,050.00"
320,2019,"29,000.00"
320,2020,"38,000.00"
320,2021,"37,000.00"
320,2022,"36,000.00"
320,2023,"41,000.00"
321,2016,"59,000.00"
321,2017,"45,000.00"
321,2018,"109,450.00"
321,2019,"31,000.00"
321,2020,"38,500.00"
321,2021,"36,000.00"
321,2022,"37,000.00"
321,2023,"35,000.00"
322,2016,"76,000.00"
322,2017,"120,000.00"
322,2018,"103,950.00"
322,2019,"31,000.00"
322,2020,"38,000.00"
322,2021,"41,000.00"
322,2022,"27,000.00"
322,2023,"39,000.00"
323,2016,"87,000.00"
323,2017,"89,000.00"
323,2018,"102,850.00"
323,2019,"34,000.00"
323,2020,"37,500.00"
323,2021,"40,000.00"
323,2022,"43,000.00"
323,2023,"31,500.00"
324,2016,"89,000.00"
324,2017,"68,000.00"
324,2018,"94,875.00"
324,2019,"31,000.00"
324,2020,"36,500.00"
324,2021,"32,000.00"
324,2022,"36,000.00"
324,2023,"38,000.00"
325,2016,"35,000.00"
325,2017,"37,000.00"
325,2018,"98,450.00"
325,2019,"33,000.00"
325,2020,"37,000.00"
325,2021,"38,000.00"
325,2022,"44,000.00"
325,2023,"40,000.00"
326,2016,"67,000.00"
326,2017,"56,000.00"
326,2018,"111,100.00"
326,2019,"37,000.00"
326,2020,"38,500.00"
326,2021,"31,000.00"
326,2022,"45,000.00"
326,2023,"40,000.00"
327,2016,"69,000.00"
327,2017,"68,000.00"
327,2018,"119,625.00"
327,2019,"34,000.00"
327,2020,"39,500.00"
327,2021,"37,000.00"
327,2022,"32,000.00"
327,2023,"41,000.00"
328,2016,"45,000.00"
328,2017,"89,000.00"
328,2018,"107,525.00"
328,2019,"34,000.00"
328,2020,"39,500.00"
328,2021,"36,000.00"
328,2022,"27,000.00"
328,2023,"43,000.00"
329,2016,"43,000.00"
329,2017,"90,000.00"
329,2018,"133,650.00"
329,2019,"34,000.00"
329,2020,"38,500.00"
329,2021,"43,000.00"
329,2022,"38,000.00"
329,2023,"40,000.00"
330,2016,"59,000.00"
330,2017,"10,000.00"
330,2018,"132,000.00"
330,2019,"36,000.00"
330,2020,"37,000.00"
330,2021,"44,000.00"
330,2022,"39,000.00"
330,2023,"41,000.00"
331,2016,"76,000.00"
331,2017,"88,000.00"
331,2018,"118,800.00"
331,2019,"35,000.00"
331,2020,"36,000.00"
331,2021,"39,000.00"
331,2022,"36,000.00"
331,2023,"43,000.00"
332,2016,"100,000.00"
332,2017,"99,000.00"
332,2018,"110,550.00"
332,2019,"31,000.00"
332,2020,"37,500.00"
332,2021,"37,000.00"
332,2022,"37,000.00"
332,2023,"42,000.00"
333,2016,"120,000.00"
333,2017,"115,000.00"
333,2018,"119,075.00"
333,2019,"36,000.00"
333,2020,"38,000.00"
333,2021,"36,000.00"
333,2022,"27,000.00"
333,2023,"44,000.00"
334,2016,"35,000.00"
334,2017,"38,500.00"
334,2018,"111,100.00"
334,2019,"32,000.00"
334,2020,"38,000.00"
334,2021,"43,000.00"
334,2022,"43,000.00"
334,2023,"41,000.00"
335,2016,"35,000.00"
335,2017,"37,000.00"
335,2018,"103,950.00"
335,2019,"36,000.00"
335,2020,"36,000.00"
335,2021,"44,000.00"
335,2022,"38,500.00"
335,2023,"35,000.00"
336,2016,"35,000.00"
336,2017,"37,000.00"
336,2018,"101,750.00"
336,2019,"32,000.00"
336,2020,"36,000.00"
336,2021,"39,000.00"
336,2022,"39,500.00"
336,2023,"39,000.00"
337,2016,"67,000.00"
337,2017,"56,000.00"
337,2018,"97,900.00"
337,2019,"41,000.00"
337,2020,"38,000.00"
337,2021,"34,000.00"
337,2022,"39,500.00"
337,2023,"31,500.00"
338,2016,"69,000.00"
338,2017,"68,000.00"
338,2018,"114,125.00"
338,2019,"29,000.00"
338,2020,"38,500.00"
338,2021,"35,000.00"
338,2022,"38,500.00"
338,2023,"38,000.00"
339,2016,"56,000.00"
339,2017,"59,000.00"
339,2018,"110,550.00"
339,2019,"31,000.00"
339,2020,"38,000.00"
339,2021,"34,000.00"
339,2022,"39,500.00"
339,2023,"40,000.00"
340,2016,"70,000.00"
340,2017,"80,000.00"
340,2018,"89,925.00"
340,2019,"31,000.00"
340,2020,"38,500.00"
340,2021,"37,000.00"
340,2022,"39,500.00"
340,2023,"40,000.00"
341,2016,"65,000.00"
341,2017,"89,000.00"
341,2018,"85,800.00"
341,2019,"34,000.00"
341,2020,"38,000.00"
341,2021,"38,000.00"
341,2022,"38,500.00"
341,2023,"41,000.00"
342,2016,"70,000.00"
342,2017,"76,000.00"
342,2018,"100,650.00"
342,2019,"31,000.00"
342,2020,"37,500.00"
342,2021,"39,000.00"
342,2022,"38,500.00"
342,2023,"43,000.00"
343,2016,"80,000.00"
343,2017,"56,000.00"
343,2018,"116,050.00"
343,2019,"33,000.00"
343,2020,"36,500.00"
343,2021,"37,000.00"
343,2022,"39,500.00"
343,2023,"40,000.00"
344,2016,"56,000.00"
344,2017,"89,000.00"
344,2018,"113,850.00"
344,2019,"37,000.00"
344,2020,"37,000.00"
344,2021,"36,000.00"
344,2022,"37,500.00"
344,2023,"41,000.00"
345,2016,"45,000.00"
345,2017,"89,000.00"
345,2018,"116,600.00"
345,2019,"34,000.00"
345,2020,"38,500.00"
345,2021,"41,000.00"
345,2022,"37,500.00"
345,2023,"43,000.00"
346,2016,"43,000.00"
346,2017,"90,000.00"
346,2018,"120,450.00"
346,2019,"34,000.00"
346,2020,"39,500.00"
346,2021,"40,000.00"
346,2022,"38,500.00"
346,2023,"42,000.00"
347,2016,"59,000.00"
347,2017,"10,000.00"
347,2018,"96,250.00"
347,2019,"34,000.00"
347,2020,"39,500.00"
347,2021,"32,000.00"
347,2022,"39,500.00"
347,2023,"44,000.00"
348,2016,"66,000.00"
348,2017,"69,000.00"
348,2018,"106,975.00"
348,2019,"36,000.00"
348,2020,"38,500.00"
348,2021,"38,000.00"
348,2022,"38,500.00"
348,2023,"41,000.00"
349,2016,"100,000.00"
349,2017,"120,000.00"
349,2018,"123,200.00"
349,2019,"35,000.00"
349,2020,"37,000.00"
349,2021,"31,000.00"
349,2022,"39,500.00"
349,2023,"35,000.00"
350,2016,"56,000.00"
350,2017,"59,000.00"
350,2018,"140,250.00"
350,2019,"31,000.00"
350,2020,"36,000.00"
350,2021,"37,000.00"
350,2022,"39,500.00"
350,2023,"39,000.00"
351,2016,"70,000.00"
351,2017,"80,000.00"
351,2018,"118,800.00"
351,2019,"36,000.00"
351,2020,"37,500.00"
351,2021,"36,000.00"
351,2022,"38,500.00"
351,2023,"31,500.00"
352,2016,"65,000.00"
352,2017,"89,000.00"
352,2018,"115,500.00"
352,2019,"32,000.00"
352,2020,"38,000.00"
352,2021,"43,000.00"
352,2022,"39,500.00"
352,2023,"38,000.00"
353,2016,"70,000.00"
353,2017,"76,000.00"
353,2018,"92,400.00"
353,2019,"36,000.00"
353,2020,"38,000.00"
353,2021,"44,000.00"
353,2022,"39,500.00"
353,2023,"40,000.00"
354,2016,"80,000.00"
354,2017,"56,000.00"
354,2018,"110,000.00"
354,2019,"32,000.00"
354,2020,"36,000.00"
354,2021,"39,000.00"
354,2022,"38,500.00"
354,2023,"40,000.00"
355,2016,"56,000.00"
355,2017,"89,000.00"
355,2018,"99,000.00"
355,2019,"41,000.00"
355,2020,"36,000.00"
355,2021,"37,000.00"
355,2022,"38,500.00"
355,2023,"41,000.00"
356,2016,"45,000.00"
356,2017,"89,000.00"
356,2018,"89,650.00"
356,2019,"29,000.00"
356,2020,"38,000.00"
356,2021,"36,000.00"
356,2022,"39,500.00"
356,2023,"43,000.00"
357,2016,"43,000.00"
357,2017,"90,000.00"
357,2018,"109,450.00"
357,2019,"31,000.00"
357,2020,"38,500.00"
357,2021,"43,000.00"
357,2022,"37,500.00"
357,2023,"40,000.00"
358,2016,"59,000.00"
358,2017,"10,000.00"
358,2018,"119,625.00"
358,2019,"31,000.00"
358,2020,"38,000.00"
358,2021,"44,000.00"
358,2022,"37,500.00"
358,2023,"41,000.00"
359,2016,"66,000.00"
359,2017,"69,000.00"
359,2018,"116,050.00"
359,2019,"34,000.00"
359,2020,"38,500.00"
359,2021,"39,000.00"
359,2022,"38,500.00"
359,2023,"43,000.00"
360,2016,"100,000.00"
360,2017,"120,000.00"
360,2018,"108,900.00"
360,2019,"31,000.00"
360,2020,"38,000.00"
360,2021,"34,000.00"
360,2022,"39,500.00"
360,2023,"42,000.00"
361,2016,"56,000.00"
361,2017,"59,000.00"
361,2018,"111,100.00"
361,2019,"33,000.00"
361,2020,"37,500.00"
361,2021,"35,000.00"
361,2022,"38,500.00"
361,2023,"44,000.00"
362,2016,"70,000.00"
362,2017,"80,000.00"
362,2018,"123,200.00"
362,2019,"37,000.00"
362,2020,"36,500.00"
362,2021,"34,000.00"
362,2022,"39,500.00"
362,2023,"41,000.00"
363,2016,"65,000.00"
363,2017,"89,000.00"
363,2018,"101,200.00"
363,2019,"34,000.00"
363,2020,"37,000.00"
363,2021,"37,000.00"
363,2022,"39,500.00"
363,2023,"35,000.00"
364,2016,"70,000.00"
364,2017,"76,000.00"
364,2018,"106,700.00"
364,2019,"34,000.00"
364,2020,"38,500.00"
364,2021,"38,000.00"
364,2022,"38,500.00"
364,2023,"39,000.00"
365,2016,"80,000.00"
365,2017,"56,000.00"
365,2018,"119,900.00"
365,2019,"34,000.00"
365,2020,"39,500.00"
365,2021,"39,000.00"
365,2022,"39,500.00"
365,2023,"31,500.00"
366,2016,"56,000.00"
366,2017,"89,000.00"
366,2018,"140,800.00"
366,2019,"36,000.00"
366,2020,"39,500.00"
366,2021,"37,000.00"
366,2022,"39,500.00"
366,2023,"38,000.00"
367,2016,"45,000.00"
367,2017,"89,000.00"
367,2018,"133,650.00"
367,2019,"35,000.00"
367,2020,"38,500.00"
367,2021,"36,000.00"
367,2022,"38,500.00"
367,2023,"40,000.00"
368,2016,"43,000.00"
368,2017,"90,000.00"
368,2018,"118,800.00"
368,2019,"31,000.00"
368,2020,"37,000.00"
368,2021,"41,000.00"
368,2022,"38,500.00"
368,2023,"40,000.00"
369,2016,"59,000.00"
369,2017,"10,000.00"
369,2018,"114,400.00"
369,2019,"36,000.00"
369,2020,"36,000.00"
369,2021,"40,000.00"
369,2022,"39,500.00"
369,2023,"41,000.00"
370,2016,"65,000.00"
370,2017,"69,000.00"
370,2018,"103,125.00"
370,2019,"32,000.00"
370,2020,"37,500.00"
370,2021,"32,000.00"
370,2022,"37,500.00"
370,2023,"43,000.00"
371,2016,"100,000.00"
371,2017,"120,000.00"
371,2018,"97,625.00"
371,2019,"36,000.00"
371,2020,"38,000.00"
371,2021,"38,000.00"
371,2022,"37,500.00"
371,2023,"40,000.00"
372,2016,"56,000.00"
372,2017,"100,000.00"
372,2018,"93,500.00"
372,2019,"32,000.00"
372,2020,"38,000.00"
372,2021,"31,000.00"
372,2022,"38,500.00"
372,2023,"41,000.00"
373,2016,"76,000.00"
373,2017,"120,000.00"
373,2018,"99,000.00"
373,2019,"41,000.00"
373,2020,"36,000.00"
373,2021,"37,000.00"
373,2022,"39,500.00"
373,2023,"43,000.00"
374,2016,"45,000.00"
374,2017,"54,000.00"
374,2018,"112,200.00"
374,2019,"29,000.00"
374,2020,"36,000.00"
374,2021,"36,000.00"
374,2022,"38,500.00"
374,2023,"42,000.00"
375,2016,"87,000.00"
375,2017,"56,000.00"
375,2018,"126,500.00"
375,2019,"31,000.00"
375,2020,"38,000.00"
375,2021,"43,000.00"
375,2022,"39,500.00"
375,2023,"44,000.00"
376,2016,"90,000.00"
376,2017,"56,000.00"
376,2018,"111,925.00"
376,2019,"31,000.00"
376,2020,"38,500.00"
376,2021,"44,000.00"
376,2022,"39,500.00"
376,2023,"41,000.00"
377,2016,"87,000.00"
377,2017,"120,000.00"
377,2018,"127,600.00"
377,2019,"34,000.00"
377,2020,"38,000.00"
377,2021,"39,000.00"
377,2022,"38,500.00"
377,2023,"35,000.00"
378,2016,"76,000.00"
378,2017,"56,000.00"
378,2018,"101,750.00"
378,2019,"31,000.00"
378,2020,"38,500.00"
378,2021,"37,000.00"
378,2022,"39,500.00"
378,2023,"39,000.00"
379,2016,"56,000.00"
379,2017,"65,000.00"
379,2018,"99,550.00"
379,2019,"33,000.00"
379,2020,"38,000.00"
379,2021,"36,000.00"
379,2022,"39,500.00"
379,2023,"31,500.00"
380,2016,"67,000.00"
380,2017,"87,000.00"
380,2018,"111,100.00"
380,2019,"37,000.00"
380,2020,"37,500.00"
380,2021,"43,000.00"
380,2022,"38,500.00"
380,2023,"38,000.00"
381,2016,"45,000.00"
381,2017,"56,000.00"
381,2018,"101,475.00"
381,2019,"34,000.00"
381,2020,"36,500.00"
381,2021,"44,000.00"
381,2022,"38,500.00"
381,2023,"40,000.00"
382,2016,"67,000.00"
382,2017,"87,000.00"
382,2018,"119,900.00"
382,2019,"34,000.00"
382,2020,"37,000.00"
382,2021,"39,000.00"
382,2022,"39,500.00"
382,2023,"40,000.00"
383,2016,"89,000.00"
383,2017,"78,000.00"
383,2018,"129,250.00"
383,2019,"34,000.00"
383,2020,"38,500.00"
383,2021,"34,000.00"
383,2022,"37,500.00"
383,2023,"41,000.00"
384,2016,"76,000.00"
384,2017,"85,000.00"
384,2018,"110,000.00"
384,2019,"36,000.00"
384,2020,"39,500.00"
384,2021,"35,000.00"
384,2022,"37,500.00"
384,2023,"43,000.00"
385,2016,"87,000.00"
385,2017,"97,000.00"
385,2018,"119,900.00"
385,2019,"35,000.00"
385,2020,"39,500.00"
385,2021,"34,000.00"
385,2022,"38,500.00"
385,2023,"40,000.00"
386,2016,"80,000.00"
386,2017,"56,000.00"
386,2018,"127,050.00"
386,2019,"31,000.00"
386,2020,"38,500.00"
386,2021,"37,000.00"
386,2022,"39,500.00"
386,2023,"41,000.00"
387,2016,"60,000.00"
387,2017,"60,000.00"
387,2018,"131,175.00"
387,2019,"36,000.00"
387,2020,"37,000.00"
387,2021,"38,000.00"
387,2022,"38,500.00"
387,2023,"43,000.00"
388,2016,"80,000.00"
388,2017,"87,000.00"
388,2018,"123,750.00"
388,2019,"32,000.00"
388,2020,"36,000.00"
388,2021,"39,000.00"
388,2022,"39,500.00"
388,2023,"42,000.00"
389,2016,"100,000.00"
389,2017,"67,000.00"
389,2018,"110,000.00"
389,2019,"36,000.00"
389,2020,"37,500.00"
389,2021,"37,000.00"
389,2022,"39,500.00"
389,2023,"44,000.00"
390,2016,"90,000.00"
390,2017,"56,000.00"
390,2018,"109,450.00"
390,2019,"32,000.00"
390,2020,"38,000.00"
390,2021,"36,000.00"
390,2022,"38,500.00"
390,2023,"41,000.00"
391,2016,"67,000.00"
391,2017,"88,000.00"
391,2018,"106,975.00"
391,2019,"41,000.00"
391,2020,"38,000.00"
391,2021,"41,000.00"
391,2022,"39,500.00"
391,2023,"35,000.00"
392,2016,"76,000.00"
392,2017,"90,000.00"
392,2018,"100,100.00"
392,2019,"29,000.00"
392,2020,"36,000.00"
392,2021,"40,000.00"
392,2022,"39,500.00"
392,2023,"39,000.00"
393,2016,"56,000.00"
393,2017,"70,000.00"
393,2018,"97,350.00"
393,2019,"31,000.00"
393,2020,"36,000.00"
393,2021,"32,000.00"
393,2022,"38,500.00"
393,2023,"31,500.00"
394,2016,"100,000.00"
394,2017,"68,900.00"
394,2018,"91,300.00"
394,2019,"31,000.00"
394,2020,"38,000.00"
394,2021,"38,000.00"
394,2022,"38,500.00"
394,2023,"38,000.00"
395,2016,"120,000.00"
395,2017,"100,000.00"
395,2018,"118,250.00"
395,2019,"34,000.00"
395,2020,"38,500.00"
395,2021,"31,000.00"
395,2022,"39,500.00"
395,2023,"40,000.00"
396,2016,"113,000.00"
396,2017,"87,000.00"
396,2018,"120,175.00"
396,2019,"31,000.00"
396,2020,"38,000.00"
396,2021,"37,000.00"
396,2022,"37,500.00"
396,2023,"40,000.00"
397,2016,"90,000.00"
397,2017,"91,000.00"
397,2018,"103,125.00"
397,2019,"33,000.00"
397,2020,"38,500.00"
397,2021,"36,000.00"
397,2022,"37,500.00"
397,2023,"41,000.00"
398,2016,"93,000.00"
398,2017,"95,000.00"
398,2018,"118,800.00"
398,2019,"37,000.00"
398,2020,"38,000.00"
398,2021,"43,000.00"
398,2022,"38,500.00"
398,2023,"43,000.00"
399,2016,"88,000.00"
399,2017,"87,000.00"
399,2018,"115,225.00"
399,2019,"34,000.00"
399,2020,"37,500.00"
399,2021,"44,000.00"
399,2022,"39,500.00"
399,2023,"40,000.00"
400,2016,"85,000.00"
400,2017,"88,000.00"
400,2018,"103,125.00"
400,2019,"34,000.00"
400,2020,"36,500.00"
400,2021,"39,000.00"
400,2022,"38,500.00"
400,2023,"41,000.00"
401,2016,"84,000.00"
401,2017,"89,000.00"
401,2018,"111,100.00"
401,2019,"34,000.00"
401,2020,"37,000.00"
401,2021,"37,000.00"
401,2022,"39,500.00"
401,2023,"43,000.00"
402,2016,"82,000.00"
402,2017,"89,000.00"
402,2018,"114,950.00"
402,2019,"36,000.00"
402,2020,"38,500.00"
402,2021,"36,000.00"
402,2022,"39,500.00"
402,2023,"42,000.00"
403,2016,"78,000.00"
403,2017,"90,000.00"
403,2018,"127,600.00"
403,2019,"35,000.00"
403,2020,"39,500.00"
403,2021,"43,000.00"
403,2022,"38,500.00"
403,2023,"44,000.00"
404,2016,"100,000.00"
404,2017,"112,000.00"
404,2018,"118,800.00"
404,2019,"31,000.00"
404,2020,"39,500.00"
404,2021,"44,000.00"
404,2022,"39,500.00"
404,2023,"41,000.00"
405,2016,"120,000.00"
405,2017,"89,000.00"
405,2018,"118,800.00"
405,2019,"36,000.00"
405,2020,"38,500.00"
405,2021,"39,000.00"
405,2022,"39,500.00"
405,2023,"35,000.00"
406,2016,"87,000.00"
406,2017,"90,000.00"
406,2018,"119,350.00"
406,2019,"32,000.00"
406,2020,"37,000.00"
406,2021,"34,000.00"
406,2022,"38,500.00"
406,2023,"39,000.00"
407,2016,"56,000.00"
407,2017,"65,000.00"
407,2018,"130,625.00"
407,2019,"36,000.00"
407,2020,"36,000.00"
407,2021,"35,000.00"
407,2022,"38,500.00"
407,2023,"31,500.00"
408,2016,"67,000.00"
408,2017,"87,000.00"
408,2018,"101,750.00"
408,2019,"32,000.00"
408,2020,"37,500.00"
408,2021,"34,000.00"
408,2022,"39,500.00"
408,2023,"38,000.00"
409,2016,"45,000.00"
409,2017,"56,000.00"
409,2018,"92,400.00"
409,2019,"41,000.00"
409,2020,"38,000.00"
409,2021,"37,000.00"
409,2022,"37,500.00"
409,2023,"40,000.00"
410,2016,"67,000.00"
410,2017,"87,000.00"
410,2018,"85,800.00"
410,2019,"29,000.00"
410,2020,"38,000.00"
410,2021,"38,000.00"
410,2022,"37,500.00"
410,2023,"40,000.00"
411,2016,"89,000.00"
411,2017,"78,000.00"
411,2018,"100,650.00"
411,2019,"31,000.00"
411,2020,"36,000.00"
411,2021,"39,000.00"
411,2022,"38,500.00"
411,2023,"41,000.00"
412,2016,"76,000.00"
412,2017,"85,000.00"
412,2018,"112,475.00"
412,2019,"31,000.00"
412,2020,"36,000.00"
412,2021,"37,000.00"
412,2022,"39,500.00"
412,2023,"43,000.00"
413,2016,"89,000.00"
413,2017,"90,000.00"
413,2018,"101,475.00"
413,2019,"34,000.00"
413,2020,"38,000.00"
413,2021,"36,000.00"
413,2022,"38,500.00"
413,2023,"40,000.00"
414,2016,"94,000.00"
414,2017,"69,000.00"
414,2018,"117,700.00"
414,2019,"31,000.00"
414,2020,"38,500.00"
414,2021,"41,000.00"
414,2022,"39,500.00"
414,2023,"41,000.00"
415,2016,"89,000.00"
415,2017,"90,000.00"
415,2018,"121,275.00"
415,2019,"33,000.00"
415,2020,"38,000.00"
415,2021,"40,000.00"
415,2022,"39,500.00"
415,2023,"43,000.00"
416,2016,"85,000.00"
416,2017,"88,000.00"
416,2018,"89,925.00"
416,2019,"37,000.00"
416,2020,"38,500.00"
416,2021,"32,000.00"
416,2022,"38,500.00"
416,2023,"42,000.00"
417,2016,"84,000.00"
417,2017,"89,000.00"
417,2018,"96,250.00"
417,2019,"34,000.00"
417,2020,"38,000.00"
417,2021,"38,000.00"
417,2022,"39,500.00"
417,2023,"44,000.00"
418,2016,"82,000.00"
418,2017,"89,000.00"
418,2018,"107,800.00"
418,2019,"34,000.00"
418,2020,"37,500.00"
418,2021,"31,000.00"
418,2022,"39,500.00"
418,2023,"41,000.00"
419,2016,"78,000.00"
419,2017,"90,000.00"
419,2018,"123,475.00"
419,2019,"34,000.00"
419,2020,"36,500.00"
419,2021,"37,000.00"
419,2022,"38,500.00"
419,2023,"35,000.00"
420,2016,"100,000.00"
420,2017,"112,000.00"
420,2018,"116,600.00"
420,2019,"36,000.00"
420,2020,"37,000.00"
420,2021,"36,000.00"
420,2022,"38,500.00"
420,2023,"39,000.00"
421,2016,"90,000.00"
421,2017,"98,000.00"
421,2018,"117,700.00"
421,2019,"35,000.00"
421,2020,"38,500.00"
421,2021,"43,000.00"
421,2022,"39,500.00"
421,2023,"31,500.00"
422,2016,"88,000.00"
422,2017,"90,000.00"
422,2018,"101,200.00"
422,2019,"31,000.00"
422,2020,"39,500.00"
422,2021,"44,000.00"
422,2022,"37,500.00"
422,2023,"38,000.00"
423,2016,"86,000.00"
423,2017,"91,000.00"
423,2018,"115,775.00"
423,2019,"36,000.00"
423,2020,"39,500.00"
423,2021,"39,000.00"
423,2022,"37,500.00"
423,2023,"40,000.00"
424,2016,"85,000.00"
424,2017,"88,000.00"
424,2018,"106,700.00"
424,2019,"32,000.00"
424,2020,"38,500.00"
424,2021,"37,000.00"
424,2022,"38,500.00"
424,2023,"40,000.00"
425,2016,"84,000.00"
425,2017,"89,000.00"
425,2018,"97,900.00"
425,2019,"36,000.00"
425,2020,"37,000.00"
425,2021,"36,000.00"
425,2022,"39,500.00"
425,2023,"41,000.00"
426,2016,"82,000.00"
426,2017,"89,000.00"
426,2018,"110,550.00"
426,2019,"32,000.00"
426,2020,"36,000.00"
426,2021,"43,000.00"
426,2022,"38,500.00"
426,2023,"43,000.00"
427,2016,"78,000.00"
427,2017,"90,000.00"
427,2018,"114,675.00"
427,2019,"41,000.00"
427,2020,"37,500.00"
427,2021,"44,000.00"
427,2022,"39,500.00"
427,2023,"40,000.00"
428,2016,"100,000.00"
428,2017,"112,000.00"
428,2018,"123,200.00"
428,2019,"29,000.00"
428,2020,"38,000.00"
428,2021,"39,000.00"
428,2022,"39,500.00"
428,2023,"41,000.00"
429,2016,"112,000.00"
429,2017,"89,000.00"
429,2018,"108,900.00"
429,2019,"31,000.00"
429,2020,"38,000.00"
429,2021,"34,000.00"
429,2022,"38,500.00"
429,2023,"43,000.00"
430,2016,"90,000.00"
430,2017,"92,000.00"
430,2018,"117,700.00"
430,2019,"31,000.00"
430,2020,"36,000.00"
430,2021,"35,000.00"
430,2022,"39,500.00"
430,2023,"42,000.00"
431,2016,"93,000.00"
431,2017,"89,000.00"
431,2018,"101,750.00"
431,2019,"34,000.00"
431,2020,"36,000.00"
431,2021,"34,000.00"
431,2022,"39,500.00"
431,2023,"44,000.00"
432,2016,"100,000.00"
432,2017,"122,000.00"
432,2018,"100,100.00"
432,2019,"31,000.00"
432,2020,"38,000.00"
432,2021,"37,000.00"
432,2022,"38,500.00"
432,2023,"41,000.00"
433,2016,"95,000.00"
433,2017,"93,000.00"
433,2018,"107,250.00"
433,2019,"33,000.00"
433,2020,"38,500.00"
433,2021,"38,000.00"
433,2022,"38,500.00"
433,2023,"35,000.00"
434,2016,"89,000.00"
434,2017,"90,000.00"
434,2018,"102,300.00"
434,2019,"37,000.00"
434,2020,"38,000.00"
434,2021,"39,000.00"
434,2022,"39,500.00"
434,2023,"39,000.00"
435,2016,"78,000.00"
435,2017,"89,000.00"
435,2018,"108,900.00"
435,2019,"34,000.00"
435,2020,"38,500.00"
435,2021,"37,000.00"
435,2022,"37,500.00"
435,2023,"31,500.00"
436,2016,"90,000.00"
436,2017,"87,000.00"
436,2018,"115,775.00"
436,2019,"34,000.00"
436,2020,"38,000.00"
436,2021,"36,000.00"
436,2022,"37,500.00"
436,2023,"38,000.00"
437,2016,"85,000.00"
437,2017,"88,000.00"
437,2018,"93,775.00"
437,2019,"34,000.00"
437,2020,"37,500.00"
437,2021,"41,000.00"
437,2022,"38,500.00"
437,2023,"40,000.00"
438,2016,"84,000.00"
438,2017,"89,000.00"
438,2018,"108,900.00"
438,2019,"36,000.00"
438,2020,"36,500.00"
438,2021,"40,000.00"
438,2022,"39,500.00"
438,2023,"40,000.00"
439,2016,"82,000.00"
439,2017,"89,000.00"
439,2018,"111,650.00"
439,2019,"35,000.00"
439,2020,"37,000.00"
439,2021,"32,000.00"
439,2022,"38,500.00"
439,2023,"41,000.00"
440,2016,"78,000.00"
440,2017,"90,000.00"
440,2018,"118,800.00"
440,2019,"31,000.00"
440,2020,"38,500.00"
440,2021,"38,000.00"
440,2022,"39,500.00"
440,2023,"43,000.00"
441,2016,"100,000.00"
441,2017,"112,000.00"
441,2018,"107,800.00"
441,2019,"36,000.00"
441,2020,"39,500.00"
441,2021,"31,000.00"
441,2022,"39,500.00"
441,2023,"40,000.00"
442,2016,"90,000.00"
442,2017,"98,000.00"
442,2018,"104,500.00"
442,2019,"32,000.00"
442,2020,"39,500.00"
442,2021,"37,000.00"
442,2022,"38,500.00"
442,2023,"41,000.00"
443,2016,"88,000.00"
443,2017,"90,000.00"
443,2018,"105,600.00"
443,2019,"36,000.00"
443,2020,"38,500.00"
443,2021,"36,000.00"
443,2022,"39,500.00"
443,2023,"43,000.00"
444,2016,"86,000.00"
444,2017,"91,000.00"
444,2018,"126,500.00"
444,2019,"32,000.00"
444,2020,"37,000.00"
444,2021,"43,000.00"
444,2022,"39,500.00"
444,2023,"42,000.00"
445,2016,"85,000.00"
445,2017,"88,000.00"
445,2018,"117,700.00"
445,2019,"41,000.00"
445,2020,"36,000.00"
445,2021,"44,000.00"
445,2022,"38,500.00"
445,2023,"44,000.00"
446,2016,"85,000.00"
446,2017,"88,000.00"
446,2018,"103,125.00"
446,2019,"29,000.00"
446,2020,"37,500.00"
446,2021,"39,000.00"
446,2022,"38,500.00"
446,2023,"41,000.00"
447,2016,"84,000.00"
447,2017,"89,000.00"
447,2018,"99,000.00"
447,2019,"31,000.00"
447,2020,"38,000.00"
447,2021,"37,000.00"
447,2022,"39,500.00"
447,2023,"35,000.00"
448,2016,"82,000.00"
448,2017,"89,000.00"
448,2018,"99,550.00"
448,2019,"31,000.00"
448,2020,"38,000.00"
448,2021,"36,000.00"
448,2022,"37,500.00"
448,2023,"39,000.00"
449,2016,"78,000.00"
449,2017,"90,000.00"
449,2018,"107,525.00"
449,2019,"34,000.00"
449,2020,"36,000.00"
449,2021,"43,000.00"
449,2022,"37,500.00"
449,2023,"31,500.00"
450,2016,"100,000.00"
450,2017,"112,000.00"
450,2018,"101,475.00"
450,2019,"31,000.00"
450,2020,"36,000.00"
450,2021,"44,000.00"
450,2022,"38,500.00"
450,2023,"38,000.00"
451,2016,"90,000.00"
451,2017,"98,000.00"
451,2018,"114,400.00"
451,2019,"33,000.00"
451,2020,"38,000.00"
451,2021,"39,000.00"
451,2022,"39,500.00"
451,2023,"40,000.00"
452,2016,"88,000.00"
452,2017,"90,000.00"
452,2018,"141,350.00"
452,2019,"37,000.00"
452,2020,"38,500.00"
452,2021,"34,000.00"
452,2022,"38,500.00"
452,2023,"40,000.00"
453,2016,"86,000.00"
453,2017,"91,000.00"
453,2018,"116,875.00"
453,2019,"34,000.00"
453,2020,"38,000.00"
453,2021,"35,000.00"
453,2022,"39,500.00"
453,2023,"41,000.00"
454,2016,"85,000.00"
454,2017,"88,000.00"
454,2018,"108,900.00"
454,2019,"34,000.00"
454,2020,"38,500.00"
454,2021,"34,000.00"
454,2022,"39,500.00"
454,2023,"43,000.00"
455,2016,"86,000.00"
455,2017,"86,000.00"
455,2018,"107,800.00"
455,2019,"34,000.00"
455,2020,"38,000.00"
455,2021,"37,000.00"
455,2022,"38,500.00"
455,2023,"40,000.00"
456,2016,"70,000.00"
456,2017,"76,000.00"
456,2018,"107,250.00"
456,2019,"36,000.00"
456,2020,"37,500.00"
456,2021,"38,000.00"
456,2022,"39,500.00"
456,2023,"41,000.00"
457,2016,"90,000.00"
457,2017,"92,000.00"
457,2018,"108,900.00"
457,2019,"35,000.00"
457,2020,"36,500.00"
457,2021,"39,000.00"
457,2022,"39,500.00"
457,2023,"43,000.00"
458,2016,"93,000.00"
458,2017,"89,000.00"
458,2018,"94,710.00"
458,2019,"31,000.00"
458,2020,"37,000.00"
458,2021,"43,000.00"
458,2022,"38,500.00"
458,2023,"42,000.00"
459,2016,"65,000.00"
459,2017,"75,000.00"
459,2018,"81,400.00"
459,2019,"36,000.00"
459,2020,"38,500.00"
459,2021,"44,000.00"
459,2022,"38,500.00"
459,2023,"44,000.00"
460,2016,"87,000.00"
460,2017,"92,000.00"
460,2018,"100,925.00"
460,2019,"32,000.00"
460,2020,"39,500.00"
460,2021,"39,000.00"
460,2022,"39,500.00"
460,2023,"41,000.00"
461,2016,"88,000.00"
461,2017,"80,000.00"
461,2018,"92,950.00"
461,2019,"36,000.00"
461,2020,"39,500.00"
461,2021,"34,000.00"
461,2022,"37,500.00"
461,2023,"35,000.00"
462,2016,"100,000.00"
462,2017,"120,000.00"
462,2018,"114,400.00"
462,2019,"32,000.00"
462,2020,"38,500.00"
462,2021,"38,000.00"
462,2022,"37,500.00"
462,2023,"39,000.00"
